/*
SQLyog Ultimate v11.11 (64 bit)
MySQL - 5.5.5-10.1.13-MariaDB : Database - absensi_baru
*********************************************************************
*/

/*!40101 SET NAMES utf8 */;

/*!40101 SET SQL_MODE=''*/;

/*!40014 SET @OLD_UNIQUE_CHECKS=@@UNIQUE_CHECKS, UNIQUE_CHECKS=0 */;
/*!40014 SET @OLD_FOREIGN_KEY_CHECKS=@@FOREIGN_KEY_CHECKS, FOREIGN_KEY_CHECKS=0 */;
/*!40101 SET @OLD_SQL_MODE=@@SQL_MODE, SQL_MODE='NO_AUTO_VALUE_ON_ZERO' */;
/*!40111 SET @OLD_SQL_NOTES=@@SQL_NOTES, SQL_NOTES=0 */;
CREATE DATABASE /*!32312 IF NOT EXISTS*/`absensi_baru` /*!40100 DEFAULT CHARACTER SET latin1 */;

USE `absensi_baru`;

/*Table structure for table `absensi` */

DROP TABLE IF EXISTS `absensi`;

CREATE TABLE `absensi` (
  `id` int(10) unsigned NOT NULL AUTO_INCREMENT,
  `tanggal` date NOT NULL,
  `jam_masuk` time NOT NULL,
  `keterangan` enum('masuk','izin','sakit','alpa') COLLATE utf8mb4_unicode_ci NOT NULL,
  `nip_nis` varchar(20) COLLATE utf8mb4_unicode_ci NOT NULL,
  `created_at` timestamp NULL DEFAULT NULL,
  `updated_at` timestamp NULL DEFAULT NULL,
  PRIMARY KEY (`id`),
  UNIQUE KEY `absensi_tanggal_nip_nis_unique` (`tanggal`,`nip_nis`)
) ENGINE=InnoDB AUTO_INCREMENT=48 DEFAULT CHARSET=utf8mb4 COLLATE=utf8mb4_unicode_ci;

/*Data for the table `absensi` */

insert  into `absensi`(`id`,`tanggal`,`jam_masuk`,`keterangan`,`nip_nis`,`created_at`,`updated_at`) values (29,'2017-06-02','22:32:25','masuk','151610010','2017-06-02 22:32:25','2017-06-02 22:32:25'),(30,'2017-06-02','22:32:37','izin','151610011','2017-06-02 22:32:37','2017-06-02 22:32:37'),(31,'2017-06-02','22:34:35','sakit','151610012','2017-06-02 22:34:35','2017-06-02 22:34:35'),(32,'2017-06-02','22:36:10','izin','151610014','2017-06-02 22:36:10','2017-06-02 22:36:10'),(33,'2017-06-02','22:36:22','sakit','151610013','2017-06-02 22:36:22','2017-06-02 22:36:22'),(34,'2017-06-02','22:44:18','alpa','151610015','2017-06-02 22:44:18','2017-06-02 22:44:18'),(35,'2017-06-02','22:47:36','masuk','151610016','2017-06-02 22:47:36','2017-06-02 22:47:36'),(36,'2017-06-02','22:48:17','masuk','151610017','2017-06-02 22:48:17','2017-06-02 22:48:17'),(37,'2017-06-02','22:59:26','masuk','151610018','2017-06-02 22:59:26','2017-06-02 22:59:26'),(39,'2017-06-03','04:28:03','masuk','151610005','2017-06-03 04:28:03','2017-06-03 04:28:03'),(40,'2017-06-03','04:28:19','alpa','151610006','2017-06-03 04:28:19','2017-06-03 04:28:19'),(41,'2017-06-03','22:38:21','masuk','151610020','2017-06-03 22:38:21','2017-06-03 22:38:21'),(42,'2017-06-03','22:38:46','alpa','151610021','2017-06-03 22:38:46','2017-06-03 22:38:46'),(43,'2017-06-04','16:55:54','masuk','151610020','2017-06-04 16:55:54','2017-06-04 16:55:54'),(44,'2017-06-04','16:57:49','masuk','151610021','2017-06-04 16:57:49','2017-06-04 16:57:49'),(45,'2017-06-04','16:58:22','masuk','151610022','2017-06-04 16:58:22','2017-06-04 16:58:22'),(46,'2017-06-05','00:00:00','masuk','151610029',NULL,NULL),(47,'0000-00-00','00:00:00','masuk','151610029',NULL,NULL);

/*Table structure for table `guru` */

DROP TABLE IF EXISTS `guru`;

CREATE TABLE `guru` (
  `nip` varchar(20) COLLATE utf8mb4_unicode_ci NOT NULL,
  `nama` varchar(100) COLLATE utf8mb4_unicode_ci NOT NULL,
  `foto` varchar(225) COLLATE utf8mb4_unicode_ci DEFAULT NULL,
  `jabatan` enum('admin','guru','kepsek') COLLATE utf8mb4_unicode_ci NOT NULL DEFAULT 'guru',
  `password` varchar(255) COLLATE utf8mb4_unicode_ci DEFAULT NULL,
  `api_token` varchar(255) COLLATE utf8mb4_unicode_ci DEFAULT NULL,
  `remember_token` varchar(100) COLLATE utf8mb4_unicode_ci DEFAULT NULL,
  `created_at` timestamp NULL DEFAULT NULL,
  `updated_at` timestamp NULL DEFAULT NULL,
  PRIMARY KEY (`nip`)
) ENGINE=InnoDB DEFAULT CHARSET=utf8mb4 COLLATE=utf8mb4_unicode_ci;

/*Data for the table `guru` */

insert  into `guru`(`nip`,`nama`,`foto`,`jabatan`,`password`,`api_token`,`remember_token`,`created_at`,`updated_at`) values ('10112151','Arief Lukman',NULL,'admin','$2y$10$v1njqriEy6ndnru7BuCQru4f9d2SAUpC2Cz40KlTjH7ApV78V5EUS','$2y$10$v1njqriEy6ndnru7BuCQru4f9d2SAUpC2Cz40KlTjH7ApV78V5EUS','ii4ykcvniuKeBsiwTd0CJijF4KHPwHvWmkW5b38OVjch2hXwSQImsX4yOY8J','2017-05-21 17:03:01','2017-05-21 17:03:01');

/*Table structure for table `kelas` */

DROP TABLE IF EXISTS `kelas`;

CREATE TABLE `kelas` (
  `id` int(10) unsigned NOT NULL AUTO_INCREMENT,
  `kelas` varchar(50) COLLATE utf8mb4_unicode_ci NOT NULL,
  `created_at` timestamp NULL DEFAULT NULL,
  `updated_at` timestamp NULL DEFAULT NULL,
  PRIMARY KEY (`id`)
) ENGINE=InnoDB AUTO_INCREMENT=4 DEFAULT CHARSET=utf8mb4 COLLATE=utf8mb4_unicode_ci;

/*Data for the table `kelas` */

insert  into `kelas`(`id`,`kelas`,`created_at`,`updated_at`) values (1,'2 IPA I',NULL,NULL),(2,'2 IPA 2',NULL,NULL),(3,'2 IPA 3','2017-05-31 13:05:15','2017-05-31 13:05:15');

/*Table structure for table `migrations` */

DROP TABLE IF EXISTS `migrations`;

CREATE TABLE `migrations` (
  `id` int(10) unsigned NOT NULL AUTO_INCREMENT,
  `migration` varchar(255) COLLATE utf8mb4_unicode_ci NOT NULL,
  `batch` int(11) NOT NULL,
  PRIMARY KEY (`id`)
) ENGINE=InnoDB AUTO_INCREMENT=8 DEFAULT CHARSET=utf8mb4 COLLATE=utf8mb4_unicode_ci;

/*Data for the table `migrations` */

insert  into `migrations`(`id`,`migration`,`batch`) values (1,'2014_10_12_000000_create_users_table',1),(2,'2014_10_12_100000_create_password_resets_table',1),(3,'2017_05_20_132746_create_absensis_table',1),(4,'2017_05_20_132841_create_gurus_table',1),(5,'2017_05_20_132853_create_siswas_table',1),(6,'2017_05_20_135358_create_kelas_table',1),(7,'2017_05_20_135516_add_fk_siswa_kelas',2);

/*Table structure for table `password_resets` */

DROP TABLE IF EXISTS `password_resets`;

CREATE TABLE `password_resets` (
  `email` varchar(100) COLLATE utf8mb4_unicode_ci NOT NULL,
  `token` varchar(255) COLLATE utf8mb4_unicode_ci NOT NULL,
  `created_at` timestamp NULL DEFAULT NULL,
  KEY `password_resets_email_index` (`email`)
) ENGINE=InnoDB DEFAULT CHARSET=utf8mb4 COLLATE=utf8mb4_unicode_ci;

/*Data for the table `password_resets` */

/*Table structure for table `siswa` */

DROP TABLE IF EXISTS `siswa`;

CREATE TABLE `siswa` (
  `nis` varchar(20) COLLATE utf8mb4_unicode_ci NOT NULL,
  `nama` varchar(255) COLLATE utf8mb4_unicode_ci NOT NULL,
  `jenis_kelamin` enum('Laki-laki','Perempuan') COLLATE utf8mb4_unicode_ci NOT NULL,
  `tempat_lahir` varchar(100) COLLATE utf8mb4_unicode_ci NOT NULL,
  `tanggal_lahir` date NOT NULL,
  `agama` enum('Islam','Kristen Khatolik','Kristen Protestan','Hindu','Budha') COLLATE utf8mb4_unicode_ci NOT NULL DEFAULT 'Islam',
  `warganegara` enum('WNI','WNA') COLLATE utf8mb4_unicode_ci NOT NULL DEFAULT 'WNI',
  `kelas_id` int(10) unsigned NOT NULL,
  `alamat` varchar(255) COLLATE utf8mb4_unicode_ci NOT NULL,
  `foto` varchar(255) COLLATE utf8mb4_unicode_ci NOT NULL,
  `ayah` varchar(255) COLLATE utf8mb4_unicode_ci NOT NULL,
  `ibu` varchar(255) COLLATE utf8mb4_unicode_ci NOT NULL,
  `no_telepon` varchar(20) COLLATE utf8mb4_unicode_ci NOT NULL,
  `created_at` timestamp NULL DEFAULT NULL,
  `updated_at` timestamp NULL DEFAULT NULL,
  PRIMARY KEY (`nis`),
  KEY `kelas_id` (`kelas_id`),
  CONSTRAINT `siswa_ibfk_1` FOREIGN KEY (`kelas_id`) REFERENCES `kelas` (`id`)
) ENGINE=InnoDB DEFAULT CHARSET=utf8mb4 COLLATE=utf8mb4_unicode_ci;

/*Data for the table `siswa` */

insert  into `siswa`(`nis`,`nama`,`jenis_kelamin`,`tempat_lahir`,`tanggal_lahir`,`agama`,`warganegara`,`kelas_id`,`alamat`,`foto`,`ayah`,`ibu`,`no_telepon`,`created_at`,`updated_at`) values ('151610005','AYU NOVIYANTI','Laki-laki','Tasikmalaya','1900-12-08','Kristen Khatolik','WNI',1,'12','','Ayah','Entin','0897',NULL,'2017-05-31 10:04:34'),('151610006','BIAGGI ASHRAF FIRZA MIZANI','Laki-laki','','0000-00-00','','',1,'','','','','',NULL,NULL),('151610007','DEAN RAMADHAN','Laki-laki','','0000-00-00','','',1,'','','','','',NULL,NULL),('151610008','DHAFIN MUNTAZ RIZQULLAH','Laki-laki','','0000-00-00','','',1,'','','','','',NULL,NULL),('151610010','FARAH DZAKIYYAH','Perempuan','','0000-00-00','','',1,'','','','','',NULL,NULL),('151610011','FARHAN SYAH SAPTA RABBANI','Laki-laki','','0000-00-00','','',1,'','','','','',NULL,NULL),('151610012','FASYINA TSURAYYA NISYAH','Perempuan','','0000-00-00','','',1,'','','','','',NULL,NULL),('151610013','FEBBYANA CAHYA PERMATA','Perempuan','','0000-00-00','','',1,'','','','','',NULL,NULL),('151610014','FRANSISCO RIO NARDO','Laki-laki','','0000-00-00','','',1,'','','','','',NULL,NULL),('151610015','HANA KIRANA','Perempuan','','0000-00-00','','',1,'','','','','',NULL,NULL),('151610016','HARRY SASONO','Laki-laki','','0000-00-00','','',1,'','','','','',NULL,NULL),('151610017','I MADE DWITYAM SUYANCA','Laki-laki','','0000-00-00','','',1,'','','','','',NULL,NULL),('151610018','INTAN AMELIA','Perempuan','','0000-00-00','','',1,'','','','','',NULL,NULL),('151610019','JIHAD FAJAR ACHMAD','Laki-laki','','0000-00-00','','',1,'','','','','',NULL,NULL),('151610020','KELVIN ALIF ZULHAMSYAH','Laki-laki','','0000-00-00','','',1,'','','','','',NULL,NULL),('151610021','MAULIDA HASANAH','Perempuan','','0000-00-00','','',1,'','','','','',NULL,NULL),('151610022','MEIRA DWIANA ANJANI','Perempuan','','0000-00-00','','',1,'','','','','',NULL,NULL),('151610023','MELANI SAYYIRA MARJAN','Perempuan','','0000-00-00','','',1,'','','','','',NULL,NULL),('151610024','MILA AISYA AMELIA','Perempuan','','0000-00-00','','',1,'','','','','',NULL,NULL),('151610025','MUHAMMAD AL-FURQON','Laki-laki','','0000-00-00','','',1,'','','','','',NULL,NULL),('151610026','NARISSA  AZZAHWA  HILAL','Perempuan','','0000-00-00','','',1,'','','','','',NULL,NULL),('151610027','NOVIANTI CHINTIA DEWI','Perempuan','','0000-00-00','','',1,'','','','','',NULL,NULL),('151610028','NOVITA SHERINA','Perempuan','','0000-00-00','','',1,'','','','','',NULL,NULL),('151610029','NUR AFIANI SAFRINA','Perempuan','','0000-00-00','','',2,'','','','','',NULL,NULL),('151610030','NURIFA AULIA RACHMA','Perempuan','','0000-00-00','','',2,'','','','','',NULL,NULL),('151610031','OK. MUHAMMAD RAUF SYAH','Laki-laki','','0000-00-00','','',3,'','','','','',NULL,NULL),('151610032','RAISA SHAFI WILDA TSANIA ARMANUSAH','Perempuan','','0000-00-00','','',1,'','','','','',NULL,NULL),('151610033','REGINA  NUR  SHABRINA','Perempuan','','0000-00-00','','',3,'','','','','',NULL,NULL),('151610034','RHIESMIA SUKMA','Perempuan','','0000-00-00','','',1,'','','','','',NULL,NULL),('151610035','ROYBAFIHI ADAM MUHARRAM','Laki-laki','','0000-00-00','','',1,'','','','','',NULL,NULL),('151610036','SHIFA NURUL JANNAH','Perempuan','','0000-00-00','','',3,'','','','','',NULL,NULL),('151610037','TAQIYUDDIN YAZID ZAIDAN','Laki-laki','','0000-00-00','','',3,'','','','','',NULL,NULL),('151610038','WILLIAM ARDEN BATANG DJAGORA','Laki-laki','','0000-00-00','','',1,'','','','','',NULL,NULL),('151610039','WINA RAFIANDHANI','Perempuan','','0000-00-00','','',3,'','','','','',NULL,NULL),('151610040','WINA ZAHRA MEDINA','Perempuan','','0000-00-00','','',1,'','','','','',NULL,NULL),('151610044','AKBAR RAMADHAN','Laki-laki','','0000-00-00','','',1,'','','','','',NULL,NULL),('151610045','ALEX ERI HERYANTO','Laki-laki','','0000-00-00','','',3,'','','','','',NULL,NULL),('151610046','ANISA FITRIA DWI ASTITI','Perempuan','','0000-00-00','','',3,'','','','','',NULL,NULL),('151610047','ANNISA AYU LESTARI','Perempuan','','0000-00-00','','',3,'','','','','',NULL,NULL),('151610048','ANNISA WIDAYANTI','Perempuan','','0000-00-00','','',3,'','','','','',NULL,NULL),('151610049','BTARI PADMA PUTRI SEKARTADJI','Perempuan','','0000-00-00','','',1,'','','','','',NULL,NULL),('151610050','CAHYANI SUDARMI SIWI','Perempuan','','0000-00-00','','',3,'','','','','',NULL,NULL),('151610051','DEA DWIANTY RAHMA SUBAGJA','Perempuan','','0000-00-00','','',1,'','','','','',NULL,NULL),('151610052','DERRA ISLAMIATI SUHARTO','Perempuan','','0000-00-00','','',2,'','','','','',NULL,NULL),('151610053','DZULFIQAR HAFIZ RAIHAN','Laki-laki','','0000-00-00','','',2,'','','','','',NULL,NULL),('151610054','ELENA NUR ARIANTY','Perempuan','','0000-00-00','','',2,'','','','','',NULL,NULL),('151610055','ENDAH KURNIAWATI PUTRI','Perempuan','','0000-00-00','','',2,'','','','','',NULL,NULL),('151610056','ENJEL AL BIRR RAHAYU','Perempuan','','0000-00-00','','',2,'','','','','',NULL,NULL),('151610057','FITRA PUSPITA DAMAYANTI','Perempuan','','0000-00-00','','',1,'','','','','',NULL,NULL),('151610058','FRISTANTIA AFININNISA','Perempuan','','0000-00-00','','',1,'','','','','',NULL,NULL),('151610059','GERALDO TIO SINAGA','Laki-laki','','0000-00-00','','',2,'','','','','',NULL,NULL),('151610060','GRACE PRICILYA MICHIKO','Perempuan','','0000-00-00','','',2,'','','','','',NULL,NULL),('151610061','INSYAFIRA RAFA','Perempuan','','0000-00-00','','',2,'','','','','',NULL,NULL),('151610062','JHYANTIYANA KUSTIAWAN','Laki-laki','','0000-00-00','','',1,'','','','','',NULL,NULL),('151610063','KISTA NUR','Laki-laki','','0000-00-00','','',2,'','','','','',NULL,NULL),('151610064','MEIDA ESTIKA RISNA','Perempuan','','0000-00-00','','',2,'','','','','',NULL,NULL),('151610065','MIRNA EVIYANTI SIAGIAN','Perempuan','','0000-00-00','','',1,'','','','','',NULL,NULL),('151610066','MOCHAMAD IHSAN RIZKI','Laki-laki','','0000-00-00','','',1,'','','','','',NULL,NULL),('151610067','MOCHAMMAD MAULANA  YUSUF','Laki-laki','','0000-00-00','','',1,'','','','','',NULL,NULL),('151610068','MUHAMAD IBNU HIBBAN ANNUR','Laki-laki','','0000-00-00','','',1,'','','','','',NULL,NULL),('151610069','MUHAMMAD GHIFARI KAUTSAR HIDAYAT','Laki-laki','','0000-00-00','','',1,'','','','','',NULL,NULL),('151610070','MUHAMMAD ZAKI BIL IMAN','Laki-laki','','0000-00-00','','',1,'','','','','',NULL,NULL),('151610071','NAAFILAH TAZKIYATUL AZMAH','Perempuan','','0000-00-00','','',1,'','','','','',NULL,NULL),('151610072','RANTI NUR AZIZAH','Perempuan','','0000-00-00','','',1,'','','','','',NULL,NULL),('151610073','REINA SHAFINA','Perempuan','','0000-00-00','','',1,'','','','','',NULL,NULL),('151610074','SALSABILA FEBY AL LAILI GUSNAN','Perempuan','','0000-00-00','','',1,'','','','','',NULL,NULL),('151610075','SANDY OCTAVIAN EWANGGA','Laki-laki','','0000-00-00','','',1,'','','','','',NULL,NULL),('151610076','SHAFIRA EDINA ANDIANI','Perempuan','','0000-00-00','','',1,'','','','','',NULL,NULL),('151610077','SYIFA FADHILA NUR GANIYYAH','Perempuan','','0000-00-00','','',1,'','','','','',NULL,NULL),('151610078','VINKA ADERESTI JULIANTI','Perempuan','','0000-00-00','','',1,'','','','','',NULL,NULL),('151610079','WIDIA EKA PUTRI','Perempuan','','0000-00-00','','',1,'','','','','',NULL,NULL),('151610082','ALWAN LUTHFI MUHARAM','Laki-laki','','0000-00-00','','',1,'','','','','',NULL,NULL),('151610083','ANDI DIFFA SAFITRI PONTE','Perempuan','','0000-00-00','','',1,'','','','','',NULL,NULL),('151610084','ANTHEA TATYANA PRAWIRAKUSUMA','Perempuan','','0000-00-00','','',1,'','','','','',NULL,NULL),('151610085','ARIS RIZKY YUSUF','Laki-laki','','0000-00-00','','',1,'','','','','',NULL,NULL),('151610086','ASMA KARIMAH','Perempuan','','0000-00-00','','',1,'','','','','',NULL,NULL),('151610087','CRESENSIA TANJI ANGKAT','Perempuan','','0000-00-00','','',1,'','','','','',NULL,NULL),('151610088','DIANA CITRA DEWI','Perempuan','','0000-00-00','','',1,'','','','','',NULL,NULL),('151610089','DINA ANGELINA','Perempuan','','0000-00-00','','',1,'','','','','',NULL,NULL),('151610090','DIO GIANI PUTRA','Laki-laki','','0000-00-00','','',1,'','','','','',NULL,NULL),('151610091','ERLANGGA MAHARDHIKA FARIZKY','Laki-laki','','0000-00-00','','',1,'','','','','',NULL,NULL),('151610092','FACHRUL ENRY SIREGAR','Laki-laki','','0000-00-00','','',1,'','','','','',NULL,NULL),('151610093','FAHMI RACHMADIAN SUKMADINATA','Laki-laki','','0000-00-00','','',1,'','','','','',NULL,NULL),('151610094','FAJRIYYAH SATY NASUTION','Perempuan','','0000-00-00','','',1,'','','','','',NULL,NULL),('151610095','FANNISA YURIANTI','Perempuan','','0000-00-00','','',1,'','','','','',NULL,NULL),('151610096','FARID AL-DIN AL-BAROSI','Laki-laki','','0000-00-00','','',1,'','','','','',NULL,NULL),('151610097','FAUZAN DWI PRIAMBUDI ','Laki-laki','','0000-00-00','','',1,'','','','','',NULL,NULL),('151610098','GALUH GIRI SATRIAWAN','Laki-laki','','0000-00-00','','',1,'','','','','',NULL,NULL),('151610099','GUNTUR AWALUDIN SAPTADI','Laki-laki','','0000-00-00','','',1,'','','','','',NULL,NULL),('151610100','HARUN SETIA','Laki-laki','','0000-00-00','','',1,'','','','','',NULL,NULL),('151610101','KALINGGA AULIA NINGRUM','Perempuan','','0000-00-00','','',1,'','','','','',NULL,NULL),('151610102','LADYTANESIA ERVITA BELA SRI SUKOWATI','Perempuan','','0000-00-00','','',1,'','','','','',NULL,NULL),('151610103','MOHAMMAD FATHUSSYIFA','Laki-laki','','0000-00-00','','',1,'','','','','',NULL,NULL),('151610104','MUHAMMAD DILAN ARYA NUGRAHA','Laki-laki','','0000-00-00','','',1,'','','','','',NULL,NULL),('151610105','MUHAMMAD IHSAN FAUZAN','Laki-laki','','0000-00-00','','',1,'','','','','',NULL,NULL),('151610106','MUNIFAH SYIFA MALIKI','Perempuan','','0000-00-00','','',1,'','','','','',NULL,NULL),('151610107','MUTIARA AMALIA','Perempuan','','0000-00-00','','',1,'','','','','',NULL,NULL),('151610108','PRASAMI PAMUNGKAS RUSHADIANA','Laki-laki','','0000-00-00','','',1,'','','','','',NULL,NULL),('151610109','R. TANYA NURUL DZIBA','Perempuan','','0000-00-00','','',1,'','','','','',NULL,NULL),('151610111','RAHMAWATI','Perempuan','','0000-00-00','','',1,'','','','','',NULL,NULL),('151610112','RIAN FAISAL MAHENDRA','Laki-laki','','0000-00-00','','',1,'','','','','',NULL,NULL),('151610113','SALMA AZALIA DEVARA','Perempuan','','0000-00-00','','',1,'','','','','',NULL,NULL),('151610114','SHOFI NURSANIYA','Perempuan','','0000-00-00','','',1,'','','','','',NULL,NULL),('151610115','VIRDA IEZMA AL MAYDA','Perempuan','','0000-00-00','','',1,'','','','','',NULL,NULL),('151610116','WAN AZZAHRA','Perempuan','','0000-00-00','','',1,'','','','','',NULL,NULL),('151610117','YUNI KUSTIAR','Perempuan','','0000-00-00','','',1,'','','','','',NULL,NULL),('151610118','YUNITASYA GUSPIRA','Perempuan','','0000-00-00','','',1,'','','','','',NULL,NULL),('151610119','ZIYAN  FIRAS FITRIA','Perempuan','','0000-00-00','','',1,'','','','','',NULL,NULL),('151610122','ANDI IZA ABELYA FARHANI SOFYAN','Perempuan','','0000-00-00','','',1,'','','','','',NULL,NULL),('151610123','ARYA KHUMAIRAH GLY','Perempuan','','0000-00-00','','',1,'','','','','',NULL,NULL),('151610124','AULIA KHAIRUNNISA','Perempuan','','0000-00-00','','',1,'','','','','',NULL,NULL),('151610125','AVIVA JAVANTIO','Perempuan','','0000-00-00','','',1,'','','','','',NULL,NULL),('151610126','CITHA DWIAINIA DEWI','Perempuan','','0000-00-00','','',1,'','','','','',NULL,NULL),('151610127','CORRY AQUINO SIAGIAN','Perempuan','','0000-00-00','','',1,'','','','','',NULL,NULL),('151610128','DWI MENTARI SUKMA MULDANI','Perempuan','','0000-00-00','','',1,'','','','','',NULL,NULL),('151610130','ELZA ESTERINA','Perempuan','','0000-00-00','','',1,'','','','','',NULL,NULL),('151610131','FANFAN RUDI AFANDI','Laki-laki','','0000-00-00','','',1,'','','','','',NULL,NULL),('151610132','FRISKA ISTIGHFARI AULIA SABILLA','Perempuan','','0000-00-00','','',1,'','','','','',NULL,NULL),('151610133','HILMI MUHAMMAD RAMADHANI','Laki-laki','','0000-00-00','','',1,'','','','','',NULL,NULL),('151610134','INDAH NUR CHAZANAH','Perempuan','','0000-00-00','','',1,'','','','','',NULL,NULL),('151610135','INKA KUSMAYANTI','Perempuan','','0000-00-00','','',1,'','','','','',NULL,NULL),('151610136','JOSEVA MARDONGAN TUA FEBRIAN R.','Laki-laki','','0000-00-00','','',1,'','','','','',NULL,NULL),('151610137','MARDILA SURYANDARI TRIASTITI','Perempuan','','0000-00-00','','',1,'','','','','',NULL,NULL),('151610138','MOCH. ILHAM FAUZAN','Laki-laki','','0000-00-00','','',1,'','','','','',NULL,NULL),('151610139','MUHAMAD ALFARIZI','Laki-laki','','0000-00-00','','',1,'','','','','',NULL,NULL),('151610140','MUHAMAD ILHAM PRASETYA','Laki-laki','','0000-00-00','','',1,'','','','','',NULL,NULL),('151610141','MUHAMMAD NAUFAL F.','Laki-laki','','0000-00-00','','',1,'','','','','',NULL,NULL),('151610142','NABILA NUR MAULIDA','Perempuan','','0000-00-00','','',1,'','','','','',NULL,NULL),('151610143','NIKEN RORO HAPSARI','Perempuan','','0000-00-00','','',1,'','','','','',NULL,NULL),('151610144','NURMALITA DISTYANI','Perempuan','','0000-00-00','','',1,'','','','','',NULL,NULL),('151610145','OKTAVIA MUTIARA FIRDAUS','Perempuan','','0000-00-00','','',1,'','','','','',NULL,NULL),('151610146','PARASTIE IMANDA KHOERUNNISA','Perempuan','','0000-00-00','','',1,'','','','','',NULL,NULL),('151610147','PUTRI AULIA FEBRIANI','Perempuan','','0000-00-00','','',1,'','','','','',NULL,NULL),('151610148','RAYNA RADINKA LAKSONIA','Perempuan','','0000-00-00','','',1,'','','','','',NULL,NULL),('151610149','RENGGANIS BANI PUTRI','Perempuan','','0000-00-00','','',1,'','','','','',NULL,NULL),('151610150','RIDWAN JAYADI','Laki-laki','','0000-00-00','','',1,'','','','','',NULL,NULL),('151610151','RIZKY RAIHAN TRIGHANI','Laki-laki','','0000-00-00','','',1,'','','','','',NULL,NULL),('151610152','SALMA NABILA MUSTIKA','Perempuan','','0000-00-00','','',1,'','','','','',NULL,NULL),('151610153','SALSABILA AULIA MUHAJIRIN MALLEBBANG','Perempuan','','0000-00-00','','',1,'','','','','',NULL,NULL),('151610154','SARIA VERONIKA PASARIBU','Perempuan','','0000-00-00','','',1,'','','','','',NULL,NULL),('151610155','SASKIA SALSABILA AINUN','Perempuan','','0000-00-00','','',1,'','','','','',NULL,NULL),('151610156','SHAFIRA  KUSUMAWARDANI','Perempuan','','0000-00-00','','',1,'','','','','',NULL,NULL),('151610157','VIRNA ANNISA APRILLIA','Perempuan','','0000-00-00','','',1,'','','','','',NULL,NULL),('151610158','WULAN NURSYIFA RUMBAMAN','Perempuan','','0000-00-00','','',1,'','','','','',NULL,NULL),('151610159','YOAS KARTIKO','Laki-laki','','0000-00-00','','',1,'','','','','',NULL,NULL),('151610162','ASSIFHA NURHADIANISA','Perempuan','','0000-00-00','','',1,'','','','','',NULL,NULL),('151610163','AZZIZIR MAYORITAS WIJAYA','Perempuan','','0000-00-00','','',1,'','','','','',NULL,NULL),('151610164','DHITA FARADHILAH PUTRIADI','Perempuan','','0000-00-00','','',1,'','','','','',NULL,NULL),('151610165','DINAR AFINA DWIPUTRI','Perempuan','','0000-00-00','','',1,'','','','','',NULL,NULL),('151610166','DWINA ALAPHIA SEVANY ME','Perempuan','','0000-00-00','','',1,'','','','','',NULL,NULL),('151610167','EILEN DELIYANA','Perempuan','','0000-00-00','','',1,'','','','','',NULL,NULL),('151610168','EKA ROSALIANTI','Perempuan','','0000-00-00','','',1,'','','','','',NULL,NULL),('151610169','ELSA REVINA GULTOM','Perempuan','','0000-00-00','','',1,'','','','','',NULL,NULL),('151610170','FAVIAN SHEVA KHRISTIAWAN','Laki-laki','','0000-00-00','','',1,'','','','','',NULL,NULL),('151610171','FAWWAZ WAFDA MUJAHID','Laki-laki','','0000-00-00','','',1,'','','','','',NULL,NULL),('151610172','FIRLIANTI AULIA RACHMAN','Perempuan','','0000-00-00','','',1,'','','','','',NULL,NULL),('151610173','FUKKA RIHANI','Perempuan','','0000-00-00','','',1,'','','','','',NULL,NULL),('151610174','HAFIFAH HASNA','Perempuan','','0000-00-00','','',1,'','','','','',NULL,NULL),('151610175','INDAH NUR SHOLIHAH','Perempuan','','0000-00-00','','',1,'','','','','',NULL,NULL),('151610176','INTAN TRIANA HARTANTI','Perempuan','','0000-00-00','','',1,'','','','','',NULL,NULL),('151610177','LATHIFA ARTAMINATI','Perempuan','','0000-00-00','','',1,'','','','','',NULL,NULL),('151610179','MADE  IZWAR YASHWANTA','Laki-laki','','0000-00-00','','',1,'','','','','',NULL,NULL),('151610180','MUHAMAD AKBAR','Laki-laki','','0000-00-00','','',1,'','','','','',NULL,NULL),('151610181','MUHAMMAD THOBIAS AL-HAQ','Laki-laki','','0000-00-00','','',1,'','','','','',NULL,NULL),('151610182','NABELA TORESA ANGGRAINI','Perempuan','','0000-00-00','','',1,'','','','','',NULL,NULL),('151610183','NAUFAL FARHAN MUWAFFAQ','Laki-laki','','0000-00-00','','',1,'','','','','',NULL,NULL),('151610184','NURDIANSYAH YUDA PRATAMA','Laki-laki','','0000-00-00','','',1,'','','','','',NULL,NULL),('151610185','PUTRI KIREYA SALSABILA SUTISNA','Perempuan','','0000-00-00','','',1,'','','','','',NULL,NULL),('151610186','R. RIFKY GAENAYAEL','Laki-laki','','0000-00-00','','',1,'','','','','',NULL,NULL),('151610187','RAFI RAMADIAN RAHMAN','Laki-laki','','0000-00-00','','',1,'','','','','',NULL,NULL),('151610188','RAHMA ZULFA AZZAHRA','Perempuan','','0000-00-00','','',1,'','','','','',NULL,NULL),('151610189','RATRI SALSABILA RAMADHANIA','Perempuan','','0000-00-00','','',1,'','','','','',NULL,NULL),('151610190','REDI AHMAD PUTRA NURANTO','Laki-laki','','0000-00-00','','',1,'','','','','',NULL,NULL),('151610191','SHAFIRA AULIA KUSNANDAR','Perempuan','','0000-00-00','','',1,'','','','','',NULL,NULL),('151610192','SHALSA NABILA','Perempuan','','0000-00-00','','',1,'','','','','',NULL,NULL),('151610193','SYAFA GIANA FATHIA','Perempuan','','0000-00-00','','',1,'','','','','',NULL,NULL),('151610194','TIFANI NUR FADILAH','Perempuan','','0000-00-00','','',1,'','','','','',NULL,NULL),('151610195','TRI DYAH INDRASTUTI','Perempuan','','0000-00-00','','',1,'','','','','',NULL,NULL),('151610196','VINA RAUDHATHUL ARFAN','Perempuan','','0000-00-00','','',1,'','','','','',NULL,NULL),('151610197','YASMIN KEMALADEWI','Perempuan','','0000-00-00','','',1,'','','','','',NULL,NULL),('151610198','YOLANDA PRATIWI','Perempuan','','0000-00-00','','',1,'','','','','',NULL,NULL),('151610199','ALIFAH SITI KHAFSAH','Perempuan','','0000-00-00','','',1,'','','','','',NULL,NULL),('151610200','ANANTA IHZA RAMADHAN','Laki-laki','','0000-00-00','','',1,'','','','','',NULL,NULL),('151610201','ANDI DAFFA PATIROI','Laki-laki','','0000-00-00','','',1,'','','','','',NULL,NULL),('151610202','ASTRINIDA RIZKINA DWI .P','Perempuan','','0000-00-00','','',1,'','','','','',NULL,NULL),('151610203','BAGAS DWIKI PUTRA','Laki-laki','','0000-00-00','','',1,'','','','','',NULL,NULL),('151610204','BELA DEVITA VANIANI','Perempuan','','0000-00-00','','',1,'','','','','',NULL,NULL),('151610205','BESTIARA MONICA','Perempuan','','0000-00-00','','',1,'','','','','',NULL,NULL),('151610206','CALVINA EKA PUTRI','Perempuan','','0000-00-00','','',1,'','','','','',NULL,NULL),('151610207','CANTIKA BASHARAH .M','Perempuan','','0000-00-00','','',1,'','','','','',NULL,NULL),('151610208','DEVINA MARTHA G.N','Perempuan','','0000-00-00','','',1,'','','','','',NULL,NULL),('151610209','DHAFIN ALI FAZA','Laki-laki','','0000-00-00','','',1,'','','','','',NULL,NULL),('151610210','DIAN RACHMAWATI','Perempuan','','0000-00-00','','',1,'','','','','',NULL,NULL),('151610211','DINAN MOCHAMAD FAUZAN','Laki-laki','','0000-00-00','','',1,'','','','','',NULL,NULL),('151610212','FACHMY AVYAR PRAYUDIA','Laki-laki','','0000-00-00','','',1,'','','','','',NULL,NULL),('151610213','FADHILLA HAFSARI GUMILAR','Perempuan','','0000-00-00','','',1,'','','','','',NULL,NULL),('151610214','FARADILA ANJANI','Perempuan','','0000-00-00','','',1,'','','','','',NULL,NULL),('151610215','FARIS MUHAMMAD ATQAN','Laki-laki','','0000-00-00','','',1,'','','','','',NULL,NULL),('151610216','FIKRI JAUHAR KOMARAJATI','Laki-laki','','0000-00-00','','',1,'','','','','',NULL,NULL),('151610217','FINDI NUR WITRIANI','Perempuan','','0000-00-00','','',1,'','','','','',NULL,NULL),('151610218','GHINA DEWANTO','Perempuan','','0000-00-00','','',1,'','','','','',NULL,NULL),('151610219','GHINA THIFAL R.E.P','Perempuan','','0000-00-00','','',1,'','','','','',NULL,NULL),('151610220','GYTSHA NAJMI ULYA .R','Perempuan','','0000-00-00','','',1,'','','','','',NULL,NULL),('151610221','IHDINA HANIF','Perempuan','','0000-00-00','','',1,'','','','','',NULL,NULL),('151610222','M. RIZKY AGUNG PRATAMA','Laki-laki','','0000-00-00','','',1,'','','','','',NULL,NULL),('151610223','MAUDIKA NUR AMBARWATI','Perempuan','','0000-00-00','','',1,'','','','','',NULL,NULL),('151610224','MOCHAMMAD AZMI .G','Laki-laki','','0000-00-00','','',1,'','','','','',NULL,NULL),('151610225','MOCHAMMAD FIKRI .F','Laki-laki','','0000-00-00','','',1,'','','','','',NULL,NULL),('151610226','MUHAMMAD ASYRAF .A','Laki-laki','','0000-00-00','','',1,'','','','','',NULL,NULL),('151610227','MUHAMMAD LUTHFI .Z','Laki-laki','','0000-00-00','','',1,'','','','','',NULL,NULL),('151610228','NOVIA RAHMAWATI','Perempuan','','0000-00-00','','',1,'','','','','',NULL,NULL),('151610229','NOVIANTI SUKANDARI','Perempuan','','0000-00-00','','',1,'','','','','',NULL,NULL),('151610230','PUTRI JUNIAR NUR IMANI','Perempuan','','0000-00-00','','',1,'','','','','',NULL,NULL),('151610231','PUTRI RAISYA WERDYANTI','Perempuan','','0000-00-00','','',1,'','','','','',NULL,NULL),('151610232','RAISA ADZRAA HAMIDAH','Perempuan','','0000-00-00','','',1,'','','','','',NULL,NULL),('151610233','RAISHA KIRANA PUTI','Perempuan','','0000-00-00','','',1,'','','','','',NULL,NULL),('151610234','SHINTIA FEBRI M.Y.S','Perempuan','','0000-00-00','','',1,'','','','','',NULL,NULL),('151610235','SITI RAHMAH DEASTY','Perempuan','','0000-00-00','','',1,'','','','','',NULL,NULL),('151610236','SYIFA SARI NURANNISA','Perempuan','','0000-00-00','','',1,'','','','','',NULL,NULL),('151610237','VEILY VITADA','Laki-laki','','0000-00-00','','',1,'','','','','',NULL,NULL),('151610238','WINDA WAHYUNI SAGALA','Perempuan','','0000-00-00','','',1,'','','','','',NULL,NULL),('151610240','AMALIA DWI AZNI','Perempuan','','0000-00-00','','',1,'','','','','',NULL,NULL),('151610241','AMELIA ALAWIYAH','Perempuan','','0000-00-00','','',1,'','','','','',NULL,NULL),('151610242','ANDIANI TRIESKA','Perempuan','','0000-00-00','','',1,'','','','','',NULL,NULL),('151610243','ANGGITA AYU GALUH .T','Perempuan','','0000-00-00','','',1,'','','','','',NULL,NULL),('151610244','ARETA WANODYA .I','Perempuan','','0000-00-00','','',1,'','','','','',NULL,NULL),('151610245','ARIN SUTRIORINI','Perempuan','','0000-00-00','','',1,'','','','','',NULL,NULL),('151610246','ASNAF SHOLEHAH','Perempuan','','0000-00-00','','',1,'','','','','',NULL,NULL),('151610247','ATLIN PATTONA','Perempuan','','0000-00-00','','',1,'','','','','',NULL,NULL),('151610248','AUREEL ZEFANYA','Perempuan','','0000-00-00','','',1,'','','','','',NULL,NULL),('151610249','BAGUS THIFANDHIA MUAFA','Laki-laki','','0000-00-00','','',1,'','','','','',NULL,NULL),('151610250','DEVI RESTIKA SARI','Perempuan','','0000-00-00','','',1,'','','','','',NULL,NULL),('151610251','DEWI ANDINI','Perempuan','','0000-00-00','','',1,'','','','','',NULL,NULL),('151610252','FIKA DEWILESTARI','Perempuan','','0000-00-00','','',1,'','','','','',NULL,NULL),('151610253','FINNA MELLANY .R','Perempuan','','0000-00-00','','',1,'','','','','',NULL,NULL),('151610254','FIQRI YUDHATAMA','Laki-laki','','0000-00-00','','',1,'','','','','',NULL,NULL),('151610255','HADI HERDIANSYAH','Laki-laki','','0000-00-00','','',1,'','','','','',NULL,NULL),('151610256','HAURA JILAN ASIYAH','Perempuan','','0000-00-00','','',1,'','','','','',NULL,NULL),('151610257','HILDA NURUL ANGGRAENI','Perempuan','','0000-00-00','','',1,'','','','','',NULL,NULL),('151610258','IFAN SEPTIAN','Laki-laki','','0000-00-00','','',1,'','','','','',NULL,NULL),('151610259','LAILY FITRI NURKHASANAH','Perempuan','','0000-00-00','','',1,'','','','','',NULL,NULL),('151610261','MARISA PUTRI SUPRIADI','Perempuan','','0000-00-00','','',1,'','','','','',NULL,NULL),('151610262','MUHAMMAD ALFANSA A.A','Laki-laki','','0000-00-00','','',1,'','','','','',NULL,NULL),('151610263','MUHAMMAD ALIF .N','Laki-laki','','0000-00-00','','',1,'','','','','',NULL,NULL),('151610264','NOVA ASTRIT FEBRIANTI .M','Perempuan','','0000-00-00','','',1,'','','','','',NULL,NULL),('151610265','PUTRI NOVIA ADZIN','Perempuan','','0000-00-00','','',1,'','','','','',NULL,NULL),('151610266','RIFQI ADHYAKSA PUTRA','Laki-laki','','0000-00-00','','',1,'','','','','',NULL,NULL),('151610267','RINDANG CEMPAKA KUSUMA','Perempuan','','0000-00-00','','',1,'','','','','',NULL,NULL),('151610268','RIVA CAMILA LUTHFIANA','Perempuan','','0000-00-00','','',1,'','','','','',NULL,NULL),('151610269','RIZKITA MILENIA PUTRI','Perempuan','','0000-00-00','','',1,'','','','','',NULL,NULL),('151610270','SABILA FATHARANI .F','Perempuan','','0000-00-00','','',1,'','','','','',NULL,NULL),('151610271','SABRINA OLLIVIA DESITA','Perempuan','','0000-00-00','','',1,'','','','','',NULL,NULL),('151610272','SAFA GEMMA SALSABILA','Perempuan','','0000-00-00','','',1,'','','','','',NULL,NULL),('151610273','SOPI SANIAH TRILANI','Perempuan','','0000-00-00','','',1,'','','','','',NULL,NULL),('151610274','TRISTANIA MAHARANI .P','Perempuan','','0000-00-00','','',1,'','','','','',NULL,NULL),('151610275','WANDA AYU DEPINA','Perempuan','','0000-00-00','','',1,'','','','','',NULL,NULL),('151610276','YUDHA SETIAWAN','Laki-laki','','0000-00-00','','',1,'','','','','',NULL,NULL),('151610277','ZAHARA KHAIRANI','Perempuan','','0000-00-00','','',1,'','','','','',NULL,NULL),('151610278','ZAKY IHSAN MUSLIM','Laki-laki','','0000-00-00','','',1,'','','','','',NULL,NULL),('151610281','ANANDA PUTRI AYU .N','Perempuan','','0000-00-00','','',1,'','','','','',NULL,NULL),('151610282','ANELKHA PRIMA DARSA .P','Laki-laki','','0000-00-00','','',1,'','','','','',NULL,NULL),('151610283','ARKAN TAUFIQQURRAHMAN','Laki-laki','','0000-00-00','','',1,'','','','','',NULL,NULL),('151610284','BELLA RIZKY ANANDA','Perempuan','','0000-00-00','','',1,'','','','','',NULL,NULL),('151610285','BOBI ANGGARA','Laki-laki','','0000-00-00','','',1,'','','','','',NULL,NULL),('151610286','DEDE LUKMAN NULHAKIM ','Laki-laki','','0000-00-00','','',1,'','','','','',NULL,NULL),('151610287','FADHILA RIANA PUTERI','Perempuan','','0000-00-00','','',1,'','','','','',NULL,NULL),('151610288','FAHMI MUHAMMAD IKRAR','Laki-laki','','0000-00-00','','',1,'','','','','',NULL,NULL),('151610289','FAKHRI AIMAN IBRAHIM','Laki-laki','','0000-00-00','','',1,'','','','','',NULL,NULL),('151610290','FATHIA RAHMA QANITA','Perempuan','','0000-00-00','','',1,'','','','','',NULL,NULL),('151610291','GADIS RACHEL ANNISA .S','Perempuan','','0000-00-00','','',1,'','','','','',NULL,NULL),('151610293','GENA DANIAR','Perempuan','','0000-00-00','','',1,'','','','','',NULL,NULL),('151610294','GHISKA NAFA SUGIARTIN','Perempuan','','0000-00-00','','',1,'','','','','',NULL,NULL),('151610295','IRFAN FADHLILLAH .N','Laki-laki','','0000-00-00','','',1,'','','','','',NULL,NULL),('151610296','KANADILA HARNANTO .P','Perempuan','','0000-00-00','','',1,'','','','','',NULL,NULL),('151610297','KAUTSAR ARDHI AMALI','Laki-laki','','0000-00-00','','',1,'','','','','',NULL,NULL),('151610298','KHOIRUNISA NURALYA .A','Perempuan','','0000-00-00','','',1,'','','','','',NULL,NULL),('151610299','MENTARI DWI SAPUTRI','Perempuan','','0000-00-00','','',1,'','','','','',NULL,NULL),('151610300','MUHAMAD DIAS RAMADHAN','Laki-laki','','0000-00-00','','',1,'','','','','',NULL,NULL),('151610301','MUHAMMAD ALDY FEBIANSYAH','Laki-laki','','0000-00-00','','',1,'','','','','',NULL,NULL),('151610302','MUHAMMAD NAUFAL AR-RAFI','Laki-laki','','0000-00-00','','',1,'','','','','',NULL,NULL),('151610303','MUHAMMAD NURRAMADHAN','Laki-laki','','0000-00-00','','',1,'','','','','',NULL,NULL),('151610304','MUHAMMAD RIZALDY FAJARI AZMI','Laki-laki','','0000-00-00','','',1,'','','','','',NULL,NULL),('151610305','MUTHIA AMBARWATI .L','Perempuan','','0000-00-00','','',1,'','','','','',NULL,NULL),('151610306','NADHIRA FAZA AULIYA','Perempuan','','0000-00-00','','',1,'','','','','',NULL,NULL),('151610308','R. DUA SANIA ALFAN','Perempuan','','0000-00-00','','',1,'','','','','',NULL,NULL),('151610309','RAIS HILMI AMINUDDIN','Laki-laki','','0000-00-00','','',1,'','','','','',NULL,NULL),('151610310','REZA AZHAR FAUZI','Laki-laki','','0000-00-00','','',1,'','','','','',NULL,NULL),('151610311','RICKY OBBIE MAHENDRA','Laki-laki','','0000-00-00','','',1,'','','','','',NULL,NULL),('151610312','RIFKY MOHAMAD RIZKI','Laki-laki','','0000-00-00','','',1,'','','','','',NULL,NULL),('151610313','RIZALDY','Laki-laki','','0000-00-00','','',1,'','','','','',NULL,NULL),('151610314','SHAFA NADIYA HIDAYAT','Perempuan','','0000-00-00','','',1,'','','','','',NULL,NULL),('151610315','SYIFA AULYA','Perempuan','','0000-00-00','','',1,'','','','','',NULL,NULL),('151610316','TESYA ARYO WIDANTI','Perempuan','','0000-00-00','','',1,'','','','','',NULL,NULL),('151610317','TRIA MILENISA','Perempuan','','0000-00-00','','',1,'','','','','',NULL,NULL),('151610320','ALDIKA PUTRA PRASETYO','Laki-laki','','0000-00-00','','',1,'','','','','',NULL,NULL),('151610321','ALDY INDRA .P','Laki-laki','','0000-00-00','','',1,'','','','','',NULL,NULL),('151610322','ALFI RIZQI NUGRAHA','Laki-laki','','0000-00-00','','',1,'','','','','',NULL,NULL),('151610323','ANDRE NUGRAHA WIJAYA','Laki-laki','','0000-00-00','','',1,'','','','','',NULL,NULL),('151610324','ANGGA GIYANA PUTRA','Laki-laki','','0000-00-00','','',1,'','','','','',NULL,NULL),('151610325','ANA SHAFIRA','Perempuan','','0000-00-00','','',1,'','','','','',NULL,NULL),('151610326','ANNISA WARDHANI PUTRI','Perempuan','','0000-00-00','','',1,'','','','','',NULL,NULL),('151610328','AULIYA RAHMAH GUNADIN','Perempuan','','0000-00-00','','',1,'','','','','',NULL,NULL),('151610329','AURELLIA PUTRI SALSABILA','Perempuan','','0000-00-00','','',1,'','','','','',NULL,NULL),('151610330','AYU CANTIKA PERMANA .P','Perempuan','','0000-00-00','','',1,'','','','','',NULL,NULL),('151610331','BAYU DWIJO SUSILO','Laki-laki','','0000-00-00','','',1,'','','','','',NULL,NULL),('151610332','DAVID SURYA DHARMA .A','Laki-laki','','0000-00-00','','',1,'','','','','',NULL,NULL),('151610333','DEFTA NINGGAR PRAMESTI','Perempuan','','0000-00-00','','',1,'','','','','',NULL,NULL),('151610334','DESSY RAMDANI ALFINA .P','Perempuan','','0000-00-00','','',1,'','','','','',NULL,NULL),('151610335','DISHA RACHMASARI','Perempuan','','0000-00-00','','',1,'','','','','',NULL,NULL),('151610336','DIVO SANGRILA YUSUF','Laki-laki','','0000-00-00','','',1,'','','','','',NULL,NULL),('151610338','FIRMAN HASAN WIRGADA','Laki-laki','','0000-00-00','','',1,'','','','','',NULL,NULL),('151610339','FRANSISCA ZELIA WODA .X','Perempuan','','0000-00-00','','',1,'','','','','',NULL,NULL),('151610341','LENNY MERLIANI','Perempuan','','0000-00-00','','',1,'','','','','',NULL,NULL),('151610342','MALDINE IKHTIARSYAH .P','Laki-laki','','0000-00-00','','',1,'','','','','',NULL,NULL),('151610343','MOCHAMMAD NIZAR S.D','Laki-laki','','0000-00-00','','',1,'','','','','',NULL,NULL),('151610344','MUHAMAD REZA PRASETYO','Laki-laki','','0000-00-00','','',1,'','','','','',NULL,NULL),('151610345','MUH. ANANDA DEWA .P','Laki-laki','','0000-00-00','','',1,'','','','','',NULL,NULL),('151610346','NENDEN SYIFA NUR FAUZIAH','Perempuan','','0000-00-00','','',1,'','','','','',NULL,NULL),('151610347','NISRINA NUR LATHIFAH','Perempuan','','0000-00-00','','',1,'','','','','',NULL,NULL),('151610348','NURRAHMAH QOLBUNNISA','Perempuan','','0000-00-00','','',1,'','','','','',NULL,NULL),('151610349','RADEN ARVIN RIZKY .A','Laki-laki','','0000-00-00','','',1,'','','','','',NULL,NULL),('151610351','RAKHI NAUFAL .C','Laki-laki','','0000-00-00','','',1,'','','','','',NULL,NULL),('151610352','RIEZA NUR ALIFA','Perempuan','','0000-00-00','','',1,'','','','','',NULL,NULL),('151610353','RIJSKI YUSUF GUNAWAN','Laki-laki','','0000-00-00','','',1,'','','','','',NULL,NULL),('151610354','SATYA WIBAWA','Laki-laki','','0000-00-00','','',1,'','','','','',NULL,NULL),('151610355','SHERINA DEBORA .M','Perempuan','','0000-00-00','','',1,'','','','','',NULL,NULL),('151610356','SILVIA HANDAYANI','Perempuan','','0000-00-00','','',1,'','','','','',NULL,NULL),('151610357','WINSTON SINURAT','Laki-laki','','0000-00-00','','',1,'','','','','',NULL,NULL),('151610358','ZALVA FAJHIRA SHABRINA .P','Perempuan','','0000-00-00','','',1,'','','','','',NULL,NULL),('151610360','AMANDA PUSPITA DEWI','Perempuan','','0000-00-00','','',1,'','','','','',NULL,NULL),('151610361','ANISA FEBRIANI','Perempuan','','0000-00-00','','',1,'','','','','',NULL,NULL),('151610362','ASSYFA AHDIANI','Perempuan','','0000-00-00','','',1,'','','','','',NULL,NULL),('151610363','AURA SEPTIARA PUTRI','Perempuan','','0000-00-00','','',1,'','','','','',NULL,NULL),('151610364','BINSAR GANDA SIBUEA','Laki-laki','','0000-00-00','','',1,'','','','','',NULL,NULL),('151610365','BRAMANTIO ARIF WIBOWO','Laki-laki','','0000-00-00','','',1,'','','','','',NULL,NULL),('151610366','DESY SYAHBANI','Perempuan','','0000-00-00','','',1,'','','','','',NULL,NULL),('151610367','EGI APRIYANTO SAPUTRA','Laki-laki','','0000-00-00','','',1,'','','','','',NULL,NULL),('151610368','GERALDO LUKAS P.N','Laki-laki','','0000-00-00','','',1,'','','','','',NULL,NULL),('151610369','GESALAWATI YOLANDA .S','Perempuan','','0000-00-00','','',1,'','','','','',NULL,NULL),('151610370','HILLARY APRILIA A.N.B','Perempuan','','0000-00-00','','',1,'','','','','',NULL,NULL),('151610371','HOTMAN IGGEL RAFAEL .P','Laki-laki','','0000-00-00','','',1,'','','','','',NULL,NULL),('151610372','IRAMJA AGUSTINUS .N','Laki-laki','','0000-00-00','','',1,'','','','','',NULL,NULL),('151610373','ISLAM OKIANDINI','Laki-laki','','0000-00-00','','',1,'','','','','',NULL,NULL),('151610375','JESSICA NATALIA .T','Perempuan','','0000-00-00','','',1,'','','','','',NULL,NULL),('151610376','LARAS ANINDIA GIZA PUTRI','Perempuan','','0000-00-00','','',1,'','','','','',NULL,NULL),('151610377','LINDA AYU PUSPITASARI','Perempuan','','0000-00-00','','',1,'','','','','',NULL,NULL),('151610378','MOCHAMAD ILHAM HAIKAL','Laki-laki','','0000-00-00','','',1,'','','','','',NULL,NULL),('151610379','MOCHAMAD RAFLI ZULHAQ','Laki-laki','','0000-00-00','','',1,'','','','','',NULL,NULL),('151610381','MUH. FAISAL NAJMUDIN','Laki-laki','','0000-00-00','','',1,'','','','','',NULL,NULL),('151610382','MUH. TIO GRANADA','Laki-laki','','0000-00-00','','',1,'','','','','',NULL,NULL),('151610383','MUTHIA HASNA SHALIHAH','Perempuan','','0000-00-00','','',1,'','','','','',NULL,NULL),('151610384','NOVIE JULIANSYAH','Laki-laki','','0000-00-00','','',1,'','','','','',NULL,NULL),('151610385','R. SALWA DEWI NOVIA .P','Perempuan','','0000-00-00','','',1,'','','','','',NULL,NULL),('151610386','RENDY PRATAMA SUDRAJAT','Laki-laki','','0000-00-00','','',1,'','','','','',NULL,NULL),('151610387','SAMUEL HOTMATUA .L','Laki-laki','','0000-00-00','','',1,'','','','','',NULL,NULL),('151610388','SARAH HANA FITRIYAH','Perempuan','','0000-00-00','','',1,'','','','','',NULL,NULL),('151610389','SITI SOLIHAT','Perempuan','','0000-00-00','','',1,'','','','','',NULL,NULL),('151610390','SYALSA REGINA JANTIKA .P','Perempuan','','0000-00-00','','',1,'','','','','',NULL,NULL),('151610391','TANGKAS MAULANA .S','Laki-laki','','0000-00-00','','',1,'','','','','',NULL,NULL),('151610392','TRISYA AFRILYA .S','Perempuan','','0000-00-00','','',1,'','','','','',NULL,NULL),('151610393','VALDISA VIESTA BRATA','Perempuan','','0000-00-00','','',1,'','','','','',NULL,NULL),('151610394','VANDY SATRIA','Laki-laki','','0000-00-00','','',1,'','','','','',NULL,NULL),('151610395','VANNY ERYA FEBRIYANTI','Perempuan','','0000-00-00','','',1,'','','','','',NULL,NULL),('151610396','YEMIMA PHILO SHOPIA .R','Perempuan','','0000-00-00','','',1,'','','','','',NULL,NULL),('151610397','YULIA APRILIANA','Perempuan','','0000-00-00','','',1,'','','','','',NULL,NULL),('151610398','ZIDAN JABAL ATTORIQ .B','Laki-laki','','0000-00-00','','',1,'','','','','',NULL,NULL),('151610422','KINANTI AMBARINI','Perempuan','','0000-00-00','','',1,'','','','','',NULL,NULL),('151610423','TIFFANI DIVA','Perempuan','','0000-00-00','','',1,'','','','','',NULL,NULL),('151610424','ANDINA LUTFIAH ','Perempuan','','0000-00-00','','',1,'','','','','',NULL,NULL),('151610425','TIARA  AULIA WIBOWO','Perempuan','','0000-00-00','','',1,'','','','','',NULL,NULL),('151610426','INDRA WILLIAM FARRELL','Laki-laki','','0000-00-00','','',1,'','','','','',NULL,NULL),('151610427','SUSILO BAGAS .S','Laki-laki','','0000-00-00','','',1,'','','','','',NULL,NULL),('151610428','ROSA NABILAH','Perempuan','','0000-00-00','','',1,'','','','','',NULL,NULL),('151611406','DANDI JULIANSYAH','Laki-laki','','0000-00-00','','',1,'','','','','',NULL,NULL),('161710005','ALFI AFRILLIANSYAH','Laki-laki','','0000-00-00','','',1,'','','','','',NULL,NULL),('161710006','ALYA NUR AFIFANHYA HERNAWAN','Perempuan','','0000-00-00','','',1,'','','','','',NULL,NULL),('161710007','AMANDA AYU CINTHIA','Perempuan','','0000-00-00','','',1,'','','','','',NULL,NULL),('161710008','ASTRID GRACE YOSEPHINE','Perempuan','','0000-00-00','','',1,'','','','','',NULL,NULL),('161710009','AURA ARSY PRINSESA','Perempuan','','0000-00-00','','',1,'','','','','',NULL,NULL),('161710010','BRIAN  SAMUEL','Laki-laki','','0000-00-00','','',1,'','','','','',NULL,NULL),('161710011','DINA  SAFITRI','Perempuan','','0000-00-00','','',1,'','','','','',NULL,NULL),('161710012','EGIDIO NEVIN MAHENDRA','Laki-laki','','0000-00-00','','',1,'','','','','',NULL,NULL),('161710013','FAHRIKA SALLI SUGIANTI','Perempuan','','0000-00-00','','',1,'','','','','',NULL,NULL),('161710014','FARAH ADHIESTI CHOIDAR','Perempuan','','0000-00-00','','',1,'','','','','',NULL,NULL),('161710015','FAUZAN AKBAR RAMADHAN','Laki-laki','','0000-00-00','','',1,'','','','','',NULL,NULL),('161710016','FITRIA  ANGGRAENI','Perempuan','','0000-00-00','','',1,'','','','','',NULL,NULL),('161710017','HAFIZH ZYULFIKRI','Laki-laki','','0000-00-00','','',1,'','','','','',NULL,NULL),('161710018','HAFZAH PUTRI AYUDHYA','Perempuan','','0000-00-00','','',1,'','','','','',NULL,NULL),('161710019','HILMA ROSYIDAH','Perempuan','','0000-00-00','','',1,'','','','','',NULL,NULL),('161710020','I KOMANG MAHENDRA KRESNA PUTRA','Laki-laki','','0000-00-00','','',1,'','','','','',NULL,NULL),('161710021','ILHAM FATURROHMAN','Laki-laki','','0000-00-00','','',1,'','','','','',NULL,NULL),('161710022','IVAN OCTAVIAN YUDHATAMA','Laki-laki','','0000-00-00','','',1,'','','','','',NULL,NULL),('161710023','LULU HASNAWATI AZIZAH','Perempuan','','0000-00-00','','',1,'','','','','',NULL,NULL),('161710024','MARCELLA LOUISA','Perempuan','','0000-00-00','','',1,'','','','','',NULL,NULL),('161710025','MUHAMMAD DAFFA IZZUDDIN','Laki-laki','','0000-00-00','','',1,'','','','','',NULL,NULL),('161710026','MUHAMMAD LUQMAN ADRIANSYAH','Laki-laki','','0000-00-00','','',1,'','','','','',NULL,NULL),('161710027','NADHILA ZULFA KHAIRANI','Perempuan','','0000-00-00','','',1,'','','','','',NULL,NULL),('161710028','NISRIINA NURJIHAN','Perempuan','','0000-00-00','','',1,'','','','','',NULL,NULL),('161710029','NISSA RESTYASARI','Perempuan','','0000-00-00','','',1,'','','','','',NULL,NULL),('161710030','NOERYANA PUTRI AMELIA','Perempuan','','0000-00-00','','',1,'','','','','',NULL,NULL),('161710031','NOVANDI ADEVIA AGTA REZI YUSWARANANDA','Laki-laki','','0000-00-00','','',1,'','','','','',NULL,NULL),('161710032','NOVIARINI RAHMAWATI','Perempuan','','0000-00-00','','',1,'','','','','',NULL,NULL),('161710033','RIKA RAHMAYUNI','Perempuan','','0000-00-00','','',1,'','','','','',NULL,NULL),('161710034','RIMA KARTIKA LESTARI','Perempuan','','0000-00-00','','',1,'','','','','',NULL,NULL),('161710035','RIO TIRTA FIRDAUS','Laki-laki','','0000-00-00','','',1,'','','','','',NULL,NULL),('161710036','RISKA SITI HAYATI','Perempuan','','0000-00-00','','',1,'','','','','',NULL,NULL),('161710037','RISTIARA MAHARANI','Perempuan','','0000-00-00','','',1,'','','','','',NULL,NULL),('161710038','TOFANI RAHMALIA','Perempuan','','0000-00-00','','',1,'','','','','',NULL,NULL),('161710039','YASMIN ZHARIFAH JAIDA','Perempuan','','0000-00-00','','',1,'','','','','',NULL,NULL),('161710040','YULIA PRATIWI','Perempuan','','0000-00-00','','',1,'','','','','',NULL,NULL),('161710043','ANDINI WULANDARI','Perempuan','','0000-00-00','','',1,'','','','','',NULL,NULL),('161710044','ANISA RAHMA DZAKIYYAH','Perempuan','','0000-00-00','','',1,'','','','','',NULL,NULL),('161710045','AULIA FIRMANSYACH','Laki-laki','','0000-00-00','','',1,'','','','','',NULL,NULL),('161710046','AVA TIARA CAHYANINGSIH','Perempuan','','0000-00-00','','',1,'','','','','',NULL,NULL),('161710047','AZARINE ADINDA NUGROHO','Perempuan','','0000-00-00','','',1,'','','','','',NULL,NULL),('161710048','AZIZAH SALSABILA NUGRAHA','Perempuan','','0000-00-00','','',1,'','','','','',NULL,NULL),('161710049','BELLA WANTI LISTARI','Perempuan','','0000-00-00','','',1,'','','','','',NULL,NULL),('161710050','BIMO BIMARJUNA','Laki-laki','','0000-00-00','','',1,'','','','','',NULL,NULL),('161710051','BRYAN AZRIEL PARULIAN','Laki-laki','','0000-00-00','','',1,'','','','','',NULL,NULL),('161710052','DEAN FADHLAN PRANA SAPUTRA P.','Laki-laki','','0000-00-00','','',1,'','','','','',NULL,NULL),('161710053','DIKNA MUSTIKA PANGESTI','Perempuan','','0000-00-00','','',1,'','','','','',NULL,NULL),('161710054','DINI NURCAHYA','Perempuan','','0000-00-00','','',1,'','','','','',NULL,NULL),('161710055','FERDIANSYAH DWI PUTRA','Laki-laki','','0000-00-00','','',1,'','','','','',NULL,NULL),('161710056','FERI FIRMANSYAH','Laki-laki','','0000-00-00','','',1,'','','','','',NULL,NULL),('161710057','FIERY ANDRIAN','Laki-laki','','0000-00-00','','',1,'','','','','',NULL,NULL),('161710058','GANESHA FARANDI SUHARGIO','Laki-laki','','0000-00-00','','',1,'','','','','',NULL,NULL),('161710059','GHEA ALIFIA PRAMUDITA','Perempuan','','0000-00-00','','',1,'','','','','',NULL,NULL),('161710060','JESSY VIRLI YUSALSYAHRIS RACHMANIAR','Perempuan','','0000-00-00','','',1,'','','','','',NULL,NULL),('161710061','LILY NUR RAMDHANI','Perempuan','','0000-00-00','','',1,'','','','','',NULL,NULL),('161710062','LUTFIA BINTAN ZAKIYAH','Perempuan','','0000-00-00','','',1,'','','','','',NULL,NULL),('161710063','MELDI JULIAN GUSTIANTO','Laki-laki','','0000-00-00','','',1,'','','','','',NULL,NULL),('161710064','MOCHAMAD IDRIS SYARIEF','Laki-laki','','0000-00-00','','',1,'','','','','',NULL,NULL),('161710065','MUHAMMAD FAVIAN ADINATA','Laki-laki','','0000-00-00','','',1,'','','','','',NULL,NULL),('161710066','MUHAMMAD ILHAM RAMADHAN','Laki-laki','','0000-00-00','','',1,'','','','','',NULL,NULL),('161710067','MUHAMMAD TAUFIK HIDAYAT PERDANA KUSUMAH','Laki-laki','','0000-00-00','','',1,'','','','','',NULL,NULL),('161710068','MUHAMMAD ZIDAN AL GHIFARI','Laki-laki','','0000-00-00','','',1,'','','','','',NULL,NULL),('161710069','NABYL RIZKY DWIYUDA','Laki-laki','','0000-00-00','','',1,'','','','','',NULL,NULL),('161710070','NAZIF LUTHFI','Laki-laki','','0000-00-00','','',1,'','','','','',NULL,NULL),('161710071','RAFFI FUAD ELPRIZA','Laki-laki','','0000-00-00','','',1,'','','','','',NULL,NULL),('161710072','RENO DWI OKTAVIANTO','Laki-laki','','0000-00-00','','',1,'','','','','',NULL,NULL),('161710073','RIFQI ATHALLARIQ EKAPUTRA','Laki-laki','','0000-00-00','','',1,'','','','','',NULL,NULL),('161710074','RIKA AMELIA','Perempuan','','0000-00-00','','',1,'','','','','',NULL,NULL),('161710075','SAMUEL SIDO SUPRABA','Laki-laki','','0000-00-00','','',1,'','','','','',NULL,NULL),('161710076','SATRIA PURNAMA NOEGRAHA','Laki-laki','','0000-00-00','','',1,'','','','','',NULL,NULL),('161710077','SENA SHERIDAN GARDIANA','Laki-laki','','0000-00-00','','',1,'','','','','',NULL,NULL),('161710078','SHOFA HASNA NABILA','Perempuan','','0000-00-00','','',1,'','','','','',NULL,NULL),('161710079','SUHADI AHMAD HIDAYAT','Laki-laki','','0000-00-00','','',1,'','','','','',NULL,NULL),('161710080','VABIO JEVI ANDRIAN SEPYANTO','Laki-laki','','0000-00-00','','',1,'','','','','',NULL,NULL),('161710081','AMELIA MAULIDINA PURWANTI','Perempuan','','0000-00-00','','',1,'','','','','',NULL,NULL),('161710082','ANNISA APRILIA','Perempuan','','0000-00-00','','',1,'','','','','',NULL,NULL),('161710083','ARYA ASSYUHADA RAHMATSYAH SUBARKAH','Laki-laki','','0000-00-00','','',1,'','','','','',NULL,NULL),('161710084','ATHIFAH AZMI TAQIYYAH','Perempuan','','0000-00-00','','',1,'','','','','',NULL,NULL),('161710085','CHELSEA SALIMAH FATMAWATI','Perempuan','','0000-00-00','','',1,'','','','','',NULL,NULL),('161710086','CYNARA PUTRI DANARI','Perempuan','','0000-00-00','','',1,'','','','','',NULL,NULL),('161710087','DEVRIANA VITA WIBOWO','Perempuan','','0000-00-00','','',1,'','','','','',NULL,NULL),('161710088','ERIK RACHMADI HARTANTO','Laki-laki','','0000-00-00','','',1,'','','','','',NULL,NULL),('161710089','FAIRUZ FERNANDA HERMAWAN','Laki-laki','','0000-00-00','','',1,'','','','','',NULL,NULL),('161710090','FANNY RACHMAWATI','Perempuan','','0000-00-00','','',1,'','','','','',NULL,NULL),('161710091','FARREL ERSAFARANDY','Laki-laki','','0000-00-00','','',1,'','','','','',NULL,NULL),('161710092','FAUZAN NOVAN RYANTO','Laki-laki','','0000-00-00','','',1,'','','','','',NULL,NULL),('161710093','FERA RAHMA VRILIAN','Perempuan','','0000-00-00','','',1,'','','','','',NULL,NULL),('161710094','FLORA ALEXANDRIA FABIAN ADITYO','Perempuan','','0000-00-00','','',1,'','','','','',NULL,NULL),('161710095','GIRINDRA ADHIDEVA SANTOSO','Laki-laki','','0000-00-00','','',1,'','','','','',NULL,NULL),('161710096','HANNA FIRDAUSA PRATONGGOPATI','Perempuan','','0000-00-00','','',1,'','','','','',NULL,NULL),('161710097','HELVINA FITRIA WIBAWA','Perempuan','','0000-00-00','','',1,'','','','','',NULL,NULL),('161710098','JANISA NURANI KIRANA','Perempuan','','0000-00-00','','',1,'','','','','',NULL,NULL),('161710099','JOSE RICO YEHEZKIEL SIHOMBING','Laki-laki','','0000-00-00','','',1,'','','','','',NULL,NULL),('161710100','JULISTIO PURWANSYAH','Laki-laki','','0000-00-00','','',1,'','','','','',NULL,NULL),('161710101','KRISTINA MEYSI SIAGIAN','Perempuan','','0000-00-00','','',1,'','','','','',NULL,NULL),('161710102','MAHADEWA SETYANANDA','Laki-laki','','0000-00-00','','',1,'','','','','',NULL,NULL),('161710103','MOCHAMAD ALI TAMRIN','Laki-laki','','0000-00-00','','',1,'','','','','',NULL,NULL),('161710104','MUHAMAD IQBAL KURNIAWAN','Laki-laki','','0000-00-00','','',1,'','','','','',NULL,NULL),('161710105','NYOMAN WIBAWA SAPUTRA','Laki-laki','','0000-00-00','','',1,'','','','','',NULL,NULL),('161710106','REYNALDI GISE','Laki-laki','','0000-00-00','','',1,'','','','','',NULL,NULL),('161710107','REZA SAMUEL DARTAMA SIMANGUNSONG','Laki-laki','','0000-00-00','','',1,'','','','','',NULL,NULL),('161710108','RINA IRIYANTI','Perempuan','','0000-00-00','','',1,'','','','','',NULL,NULL),('161710109','RIZQI NUR MUHAMMAD PRAYOGA','Laki-laki','','0000-00-00','','',1,'','','','','',NULL,NULL),('161710110','ROY MARCELINO BERNARD HUTAGALUNG','Laki-laki','','0000-00-00','','',1,'','','','','',NULL,NULL),('161710111','SALSABILLA RIZKI AMELIA','Perempuan','','0000-00-00','','',1,'','','','','',NULL,NULL),('161710112','SHALSA JUWITA','Perempuan','','0000-00-00','','',1,'','','','','',NULL,NULL),('161710113','SHOFIATUNISA FIRDHAUSY RAHMANI','Perempuan','','0000-00-00','','',1,'','','','','',NULL,NULL),('161710114','STEVEN DAVA RIVALDY YOHANES','Laki-laki','','0000-00-00','','',1,'','','','','',NULL,NULL),('161710115','SYAWAL ALGIFARI EDINAPUTRA','Laki-laki','','0000-00-00','','',1,'','','','','',NULL,NULL),('161710116','SYIFA SEPTI AINI','Perempuan','','0000-00-00','','',1,'','','','','',NULL,NULL),('161710117','TONI TRIYANTORO','Laki-laki','','0000-00-00','','',1,'','','','','',NULL,NULL),('161710118','WIMPI DIANNISA APRILIA','Perempuan','','0000-00-00','','',1,'','','','','',NULL,NULL),('161710119','ZHALZA RESTI FATIMAH','Perempuan','','0000-00-00','','',1,'','','','','',NULL,NULL),('161710120','ZULFIKAR ABDULLAH','Laki-laki','','0000-00-00','','',1,'','','','','',NULL,NULL),('161710122','AMELIA SRI UTAMI','Perempuan','','0000-00-00','','',1,'','','','','',NULL,NULL),('161710123','ANGELIE FEBRIANTI SAGALA','Perempuan','','0000-00-00','','',1,'','','','','',NULL,NULL),('161710124','ANNISA LATHIFAH SULISTYAWATI','Perempuan','','0000-00-00','','',1,'','','','','',NULL,NULL),('161710125','ANNISA PUSPA NOVERA','Perempuan','','0000-00-00','','',1,'','','','','',NULL,NULL),('161710126','ARYO FARHAN KRISDIANTO','Laki-laki','','0000-00-00','','',1,'','','','','',NULL,NULL),('161710127','AZZAHRA YUNIZAR FATIRACHMA','Perempuan','','0000-00-00','','',1,'','','','','',NULL,NULL),('161710128','DEASYELLA PRISKILA KOPLAN','Perempuan','','0000-00-00','','',1,'','','','','',NULL,NULL),('161710129','DEDE RISNAWATI','Perempuan','','0000-00-00','','',1,'','','','','',NULL,NULL),('161710130','DEVRIANI VINA WIBOWO','Perempuan','','0000-00-00','','',1,'','','','','',NULL,NULL),('161710131','DHAFA ANDIKA FAISA','Perempuan','','0000-00-00','','',1,'','','','','',NULL,NULL),('161710132','ERISKA  ANGIE  PRISCILLA','Perempuan','','0000-00-00','','',1,'','','','','',NULL,NULL),('161710133','FARHAN RADYA GAUTAMA','Laki-laki','','0000-00-00','','',1,'','','','','',NULL,NULL),('161710134','FAUZIA AZHARI HADI PUTRI','Perempuan','','0000-00-00','','',1,'','','','','',NULL,NULL),('161710135','FEBRI AYU PUTRI WILDANI','Perempuan','','0000-00-00','','',1,'','','','','',NULL,NULL),('161710136','FIKRI PUTRA HIDAYAT','Laki-laki','','0000-00-00','','',1,'','','','','',NULL,NULL),('161710137','HAFEZ RAZBI SOFWAN','Laki-laki','','0000-00-00','','',1,'','','','','',NULL,NULL),('161710138','HAPPY ANANDA PRIATNA','Perempuan','','0000-00-00','','',1,'','','','','',NULL,NULL),('161710139','IRENE LEVINA YULIANTI SINAGA','Perempuan','','0000-00-00','','',1,'','','','','',NULL,NULL),('161710140','JESSICA ELYADA TICOALU','Perempuan','','0000-00-00','','',1,'','','','','',NULL,NULL),('161710141','JULIA DWINA RACHMAWATY','Perempuan','','0000-00-00','','',1,'','','','','',NULL,NULL),('161710142','LINDA YULI NURAINI','Perempuan','','0000-00-00','','',1,'','','','','',NULL,NULL),('161710143','MEILINDA ESTEVANI BR HUTAGALUNG','Perempuan','','0000-00-00','','',1,'','','','','',NULL,NULL),('161710144','MEIRISKA FIHERAWATI SULAEMAN','Perempuan','','0000-00-00','','',1,'','','','','',NULL,NULL),('161710145','MUHAMMAD ALDI RAHMANDIKA','Laki-laki','','0000-00-00','','',1,'','','','','',NULL,NULL),('161710146','MUHAMMAD FACHRUL RAHMAN','Laki-laki','','0000-00-00','','',1,'','','','','',NULL,NULL),('161710147','MUHAMMAD FURQONY SABILILHAQ','Laki-laki','','0000-00-00','','',1,'','','','','',NULL,NULL),('161710148','NADIYAH SEKAR PRATIWI','Perempuan','','0000-00-00','','',1,'','','','','',NULL,NULL),('161710149','NUR MAHDANIA SAFITRI H.','Perempuan','','0000-00-00','','',1,'','','','','',NULL,NULL),('161710150','NURUL ASHYFA KHOTIMA','Perempuan','','0000-00-00','','',1,'','','','','',NULL,NULL),('161710151','NURUL ISTIQOMAH','Perempuan','','0000-00-00','','',1,'','','','','',NULL,NULL),('161710152','R. NURSHADRINA CHANTIKA DEBY KUSUMAH','Perempuan','','0000-00-00','','',1,'','','','','',NULL,NULL),('161710153','RUBY LAORO SILITONGA','Perempuan','','0000-00-00','','',1,'','','','','',NULL,NULL),('161710154','SEKAR CAHYA ANDINI','Perempuan','','0000-00-00','','',1,'','','','','',NULL,NULL),('161710155','SITI ALISYA NINGSIH','Perempuan','','0000-00-00','','',1,'','','','','',NULL,NULL),('161710156','TARISYA SALSABILA PUTRI ASMARA','Perempuan','','0000-00-00','','',1,'','','','','',NULL,NULL),('161710157','TEUKU JULIANDIKA','Laki-laki','','0000-00-00','','',1,'','','','','',NULL,NULL),('161710158','VIKA NURHERYANTI','Perempuan','','0000-00-00','','',1,'','','','','',NULL,NULL),('161710159','WAN MUHAMMAD RIFKI ADRIAN','Laki-laki','','0000-00-00','','',1,'','','','','',NULL,NULL),('161710160','YULI RAHMAWATI UTAMI','Perempuan','','0000-00-00','','',1,'','','','','',NULL,NULL),('161710162','AL FATH ARDA JATIKUSUMA','Perempuan','','0000-00-00','','',1,'','','','','',NULL,NULL),('161710163','ALFINA NUR APSYARI','Perempuan','','0000-00-00','','',1,'','','','','',NULL,NULL),('161710164','ALMIRA SOLEHAH NINGSIH','Perempuan','','0000-00-00','','',1,'','','','','',NULL,NULL),('161710165','ANDIANI EKA DESTIANTI','Perempuan','','0000-00-00','','',1,'','','','','',NULL,NULL),('161710166','ARYANTI NUR FITRI','Perempuan','','0000-00-00','','',1,'','','','','',NULL,NULL),('161710167','CHANDRA NUGRAHA MULYA','Laki-laki','','0000-00-00','','',1,'','','','','',NULL,NULL),('161710168','DESMA ANINDITA FITRIANI','Perempuan','','0000-00-00','','',1,'','','','','',NULL,NULL),('161710169','DWI CHANDRA HANIF WICAKSONO','Laki-laki','','0000-00-00','','',1,'','','','','',NULL,NULL),('161710170','ERIC WAVIANDY','Laki-laki','','0000-00-00','','',1,'','','','','',NULL,NULL),('161710171','FAIZA NURIN KAMILA','Perempuan','','0000-00-00','','',1,'','','','','',NULL,NULL),('161710172','FEBRIN AYU SALSABILA','Perempuan','','0000-00-00','','',1,'','','','','',NULL,NULL),('161710173','FIRYAL LABIBAH HAMBALI','Perempuan','','0000-00-00','','',1,'','','','','',NULL,NULL),('161710174','HAREFA SYURGA MAARIF','Laki-laki','','0000-00-00','','',1,'','','','','',NULL,NULL),('161710175','INTAN SARAHITA NURJANNAH','Perempuan','','0000-00-00','','',1,'','','','','',NULL,NULL),('161710176','JOSUA PARTOGI NALAMBOK SITOMPUL','Laki-laki','','0000-00-00','','',1,'','','','','',NULL,NULL),('161710177','MOCHAMAD  APRIANSYAH','Laki-laki','','0000-00-00','','',1,'','','','','',NULL,NULL),('161710178','MOCHAMAD FIKRI FAUZI','Laki-laki','','0000-00-00','','',1,'','','','','',NULL,NULL),('161710179','MUHAMAD DIAZ ILYASA','Laki-laki','','0000-00-00','','',1,'','','','','',NULL,NULL),('161710180','MUHAMMAD ALI KUSNADIN','Laki-laki','','0000-00-00','','',1,'','','','','',NULL,NULL),('161710181','MUHAMMAD HAFIZ FIRDAUSI','Laki-laki','','0000-00-00','','',1,'','','','','',NULL,NULL),('161710182','MUHAMMAD MARSHA AZZAMI HASIBUAN','Laki-laki','','0000-00-00','','',1,'','','','','',NULL,NULL),('161710183','NANAN ENDANG SUDERAJAT','Laki-laki','','0000-00-00','','',1,'','','','','',NULL,NULL),('161710184','NAZELIA SITI SARAH','Perempuan','','0000-00-00','','',1,'','','','','',NULL,NULL),('161710185','NEVA LADIESTA FARDHANA','Perempuan','','0000-00-00','','',1,'','','','','',NULL,NULL),('161710186','NICOLAUS ANDIKO NUGROHO','Laki-laki','','0000-00-00','','',1,'','','','','',NULL,NULL),('161710187','NURUL HALIMAH','Perempuan','','0000-00-00','','',1,'','','','','',NULL,NULL),('161710188','ONYX MUHAMMAD RAMADHAN','Laki-laki','','0000-00-00','','',1,'','','','','',NULL,NULL),('161710189','PUSPITA ARUM HANINDYARI','Perempuan','','0000-00-00','','',1,'','','','','',NULL,NULL),('161710190','RESTI DWI RAMADHANI','Perempuan','','0000-00-00','','',1,'','','','','',NULL,NULL),('161710191','RIZKA AUFA FANDIYA','Perempuan','','0000-00-00','','',1,'','','','','',NULL,NULL),('161710192','ROSYIDAH KHOIRUNNISA MAHDAN','Perempuan','','0000-00-00','','',1,'','','','','',NULL,NULL),('161710193','SILVI RACHMAWATI','Perempuan','','0000-00-00','','',1,'','','','','',NULL,NULL),('161710194','SONYA FAUZIYYAH PUTRI RUSYANA','Perempuan','','0000-00-00','','',1,'','','','','',NULL,NULL),('161710195','SYLVIA ROSA MARGARETHA MONTHE','Perempuan','','0000-00-00','','',1,'','','','','',NULL,NULL),('161710196','VELINDA RACHMAWATI','Perempuan','','0000-00-00','','',1,'','','','','',NULL,NULL),('161710197','WINDA NURHALIMAH','Perempuan','','0000-00-00','','',1,'','','','','',NULL,NULL),('161710198','WIRA KUSUMAH MULIA RAMADHAN','Laki-laki','','0000-00-00','','',1,'','','','','',NULL,NULL),('161710199','YUDHA PRATAMA','Laki-laki','','0000-00-00','','',1,'','','','','',NULL,NULL),('161710200','ZALFA AURELLIA','Perempuan','','0000-00-00','','',1,'','','','','',NULL,NULL),('161710203','ALIF HAYKAL FITRIAWAN','Laki-laki','','0000-00-00','','',1,'','','','','',NULL,NULL),('161710204','AMELIA HASNA HAMIDAH','Perempuan','','0000-00-00','','',1,'','','','','',NULL,NULL),('161710205','ANANDA FORTUNA','Perempuan','','0000-00-00','','',1,'','','','','',NULL,NULL),('161710206','ANISA DYAH LESTARI','Perempuan','','0000-00-00','','',1,'','','','','',NULL,NULL),('161710207','ARIYA ARISTO','Laki-laki','','0000-00-00','','',1,'','','','','',NULL,NULL),('161710208','AZHAR ARSYI RAHMAT RAMADHAN','Laki-laki','','0000-00-00','','',1,'','','','','',NULL,NULL),('161710209','DINDA NURFASYANI MEIRIFQA','Perempuan','','0000-00-00','','',1,'','','','','',NULL,NULL),('161710210','EKA PUSPITA HENDRAYANI','Perempuan','','0000-00-00','','',1,'','','','','',NULL,NULL),('161710211','ERLANGGA YOGA PERDANA','Laki-laki','','0000-00-00','','',1,'','','','','',NULL,NULL),('161710212','HASBI ARBI NUGROHO','Laki-laki','','0000-00-00','','',1,'','','','','',NULL,NULL),('161710213','HEMALYA SYLVANY','Perempuan','','0000-00-00','','',1,'','','','','',NULL,NULL),('161710214','HUSSEIN ABU AHMAD','Laki-laki','','0000-00-00','','',1,'','','','','',NULL,NULL),('161710215','I MADE RASHDUKUTA CANDWIRA MAHASAKTYA GAMA','Laki-laki','','0000-00-00','','',1,'','','','','',NULL,NULL),('161710216','INSYAFA RAFLI RAMADHAN','Laki-laki','','0000-00-00','','',1,'','','','','',NULL,NULL),('161710217','LUTHFI ADITYA PERMANA','Laki-laki','','0000-00-00','','',1,'','','','','',NULL,NULL),('161710218','MAHIZAR RIZKI BAKTI SUNDARA','Laki-laki','','0000-00-00','','',1,'','','','','',NULL,NULL),('161710219','MAULIDA NUR RACHMAN','Perempuan','','0000-00-00','','',1,'','','','','',NULL,NULL),('161710220','MISAEL NOCH BOLLA','Laki-laki','','0000-00-00','','',1,'','','','','',NULL,NULL),('161710221','MUHAMMAD HILMAN FAUZI','Laki-laki','','0000-00-00','','',1,'','','','','',NULL,NULL),('161710222','MUHAMMAD REIHAN ISWAN RAFI FAUZAN','Laki-laki','','0000-00-00','','',1,'','','','','',NULL,NULL),('161710223','MUHAMMAD RISMAN FADILLAH','Laki-laki','','0000-00-00','','',1,'','','','','',NULL,NULL),('161710224','MUHAMMAD ZAKI FIRDAUS','Laki-laki','','0000-00-00','','',1,'','','','','',NULL,NULL),('161710225','NADHIRA FASHA HAIDA','Perempuan','','0000-00-00','','',1,'','','','','',NULL,NULL),('161710226','NICHOLAS SAMUEL LUMBAN TOBING','Laki-laki','','0000-00-00','','',1,'','','','','',NULL,NULL),('161710227','NISA NURUL FITRI','Perempuan','','0000-00-00','','',1,'','','','','',NULL,NULL),('161710228','PERMATA OKTAVIA','Perempuan','','0000-00-00','','',1,'','','','','',NULL,NULL),('161710229','PRASETYA PUJA NUGRAHA','Laki-laki','','0000-00-00','','',1,'','','','','',NULL,NULL),('161710230','RAHMA  SUFIYANTI','Perempuan','','0000-00-00','','',1,'','','','','',NULL,NULL),('161710231','REGINA BUNGA PUSPITASARI','Perempuan','','0000-00-00','','',1,'','','','','',NULL,NULL),('161710232','RIZKIA SABRINA','Perempuan','','0000-00-00','','',1,'','','','','',NULL,NULL),('161710233','RUDI NURDIANSYAH','Laki-laki','','0000-00-00','','',1,'','','','','',NULL,NULL),('161710234','SHIDQI IHSAN FADHILLAH','Laki-laki','','0000-00-00','','',1,'','','','','',NULL,NULL),('161710235','TIARA APRILIANA','Perempuan','','0000-00-00','','',1,'','','','','',NULL,NULL),('161710236','VIRA RIZKI ANISA','Perempuan','','0000-00-00','','',1,'','','','','',NULL,NULL),('161710237','YOHANES BUANA PITANG','Laki-laki','','0000-00-00','','',1,'','','','','',NULL,NULL),('161710238','YULIA OKTAPIA','Perempuan','','0000-00-00','','',1,'','','','','',NULL,NULL),('161710239','ZAHRA ZAHIRA','Perempuan','','0000-00-00','','',1,'','','','','',NULL,NULL),('161710240','ANDREAS WISNUGROHO PRAMAULIATE','Laki-laki','','0000-00-00','','',1,'','','','','',NULL,NULL),('161710241','ANGELINA PASARIBU','Perempuan','','0000-00-00','','',1,'','','','','',NULL,NULL),('161710242','ANINDIA NURUL AULIA','Perempuan','','0000-00-00','','',1,'','','','','',NULL,NULL),('161710243','ANNESA ANASTASIA','Perempuan','','0000-00-00','','',1,'','','','','',NULL,NULL),('161710244','ASRI DWI SAFFANAH','Perempuan','','0000-00-00','','',1,'','','','','',NULL,NULL),('161710245','AURA FRANSISCA PATRICIA','Perempuan','','0000-00-00','','',1,'','','','','',NULL,NULL),('161710246','DAMAYANTI SUTARDJO PUTRI','Perempuan','','0000-00-00','','',1,'','','','','',NULL,NULL),('161710247','DEA AYUNINGTIAS HAMBALI','Perempuan','','0000-00-00','','',1,'','','','','',NULL,NULL),('161710248','DENY AHMAD SOFYAN','Laki-laki','','0000-00-00','','',1,'','','','','',NULL,NULL),('161710249','DHIYA AZHAR PUTRIAJI','Perempuan','','0000-00-00','','',1,'','','','','',NULL,NULL),('161710250','DIKA MAULANA AKBAR','Laki-laki','','0000-00-00','','',1,'','','','','',NULL,NULL),('161710251','DIO NAVIALDY','Laki-laki','','0000-00-00','','',1,'','','','','',NULL,NULL),('161710252','ELGUARDDINE HIDAYAT','Laki-laki','','0000-00-00','','',1,'','','','','',NULL,NULL),('161710253','ERLINDA WIDYASMARA DIYANTHI','Perempuan','','0000-00-00','','',1,'','','','','',NULL,NULL),('161710254','FARAH VARISHA PAHLAWI','Perempuan','','0000-00-00','','',1,'','','','','',NULL,NULL),('161710255','GRACE HIZKIA ADELINE. S','Perempuan','','0000-00-00','','',1,'','','','','',NULL,NULL),('161710256','HASNA SANIA AMANAH','Perempuan','','0000-00-00','','',1,'','','','','',NULL,NULL),('161710257','HIKMATUL KURNIA AZIZAH','Perempuan','','0000-00-00','','',1,'','','','','',NULL,NULL),('161710258','KEVIN SYAFA AULIA AZIZI','Laki-laki','','0000-00-00','','',1,'','','','','',NULL,NULL),('161710259','MAULANA DZAKKIANSYAH','Laki-laki','','0000-00-00','','',1,'','','','','',NULL,NULL),('161710260','MELINDA NURKHASANAH','Perempuan','','0000-00-00','','',1,'','','','','',NULL,NULL),('161710261','MICHAEL','Laki-laki','','0000-00-00','','',1,'','','','','',NULL,NULL),('161710262','MILA DINA PRAMESTI','Perempuan','','0000-00-00','','',1,'','','','','',NULL,NULL),('161710263','MOHAMAD GIFARI FACHRIDWAN','Laki-laki','','0000-00-00','','',1,'','','','','',NULL,NULL),('161710264','MUHAMAD RIDHO','Laki-laki','','0000-00-00','','',1,'','','','','',NULL,NULL),('161710265','MUHAMMAD DAFFI FAUZAN WIDODO','Laki-laki','','0000-00-00','','',1,'','','','','',NULL,NULL),('161710266','MUSTHAFA ISYA FADLIA','Laki-laki','','0000-00-00','','',1,'','','','','',NULL,NULL),('161710267','NASHA NATASHA','Perempuan','','0000-00-00','','',1,'','','','','',NULL,NULL),('161710268','NI KOMANG PRASTITI DEWI','Perempuan','','0000-00-00','','',1,'','','','','',NULL,NULL),('161710269','RIZA SEPTIANI','Perempuan','','0000-00-00','','',1,'','','','','',NULL,NULL),('161710270','SAGITA RESTU RAMADHANI','Perempuan','','0000-00-00','','',1,'','','','','',NULL,NULL),('161710271','SALWA LUTHFIANDITA TSANY','Perempuan','','0000-00-00','','',1,'','','','','',NULL,NULL),('161710272','SAQUILLA NUR WAIDHORI','Perempuan','','0000-00-00','','',1,'','','','','',NULL,NULL),('161710273','SHAEREN RATU PARAS ELOK','Perempuan','','0000-00-00','','',1,'','','','','',NULL,NULL),('161710274','SHAFA DHIA RAHARJA','Perempuan','','0000-00-00','','',1,'','','','','',NULL,NULL),('161710275','SHAFIRA AURELIA MENTARI','Perempuan','','0000-00-00','','',1,'','','','','',NULL,NULL),('161710276','TSALTSA CAMILA MAULIDA','Perempuan','','0000-00-00','','',1,'','','','','',NULL,NULL),('161710277','VANESSA SOLA GRACIA NAIBAHO','Perempuan','','0000-00-00','','',1,'','','','','',NULL,NULL),('161710278','VIRA ANESTA AMALIA','Perempuan','','0000-00-00','','',1,'','','','','',NULL,NULL),('161710279','WIDIA HAMIDAH','Perempuan','','0000-00-00','','',1,'','','','','',NULL,NULL),('161710280','ANNIDA NURHANIFA','Perempuan','','0000-00-00','','',1,'','','','','',NULL,NULL),('161710281','ATHIRA KHAIRUNNISA','Perempuan','','0000-00-00','','',1,'','','','','',NULL,NULL),('161710282','AULIYA RAHMANI SHABRI','Perempuan','','0000-00-00','','',1,'','','','','',NULL,NULL),('161710283','AZKA MAULANA SIDIQ','Laki-laki','','0000-00-00','','',1,'','','','','',NULL,NULL),('161710284','DEAFHAAN MIFTA PAWAZ','Laki-laki','','0000-00-00','','',1,'','','','','',NULL,NULL),('161710285','DELA FAUZIYYAH YUSRA','Perempuan','','0000-00-00','','',1,'','','','','',NULL,NULL),('161710286','DISYACITTA INTAN JANNATY','Perempuan','','0000-00-00','','',1,'','','','','',NULL,NULL),('161710287','EFTA ADREANY PRAMITA','Perempuan','','0000-00-00','','',1,'','','','','',NULL,NULL),('161710288','EKA NURSANTI PRATIWI','Perempuan','','0000-00-00','','',1,'','','','','',NULL,NULL),('161710289','ENRICO SATRIA GEMILANG','Laki-laki','','0000-00-00','','',1,'','','','','',NULL,NULL),('161710290','FAZA HANIFAH','Perempuan','','0000-00-00','','',1,'','','','','',NULL,NULL),('161710291','FENI RULIANTI ACHMAD','Perempuan','','0000-00-00','','',1,'','','','','',NULL,NULL),('161710292','GIN GIN FAJAR NUGRAHA','Laki-laki','','0000-00-00','','',1,'','','','','',NULL,NULL),('161710293','JULIA FEBRYANTI S.','Perempuan','','0000-00-00','','',1,'','','','','',NULL,NULL),('161710294','KHORI NURFAIDA AGNIAWAN','Perempuan','','0000-00-00','','',1,'','','','','',NULL,NULL),('161710295','MARSELINO AJI SAPUTRA','Laki-laki','','0000-00-00','','',1,'','','','','',NULL,NULL),('161710296','MARSHANDA AULIYA PUTRI','Perempuan','','0000-00-00','','',1,'','','','','',NULL,NULL),('161710297','MAYLINDA NURMALITA TININGTYAS','Perempuan','','0000-00-00','','',1,'','','','','',NULL,NULL),('161710298','MUHAMMAD RAMDANI NASUTION','Laki-laki','','0000-00-00','','',1,'','','','','',NULL,NULL),('161710299','NABILA AGHNIA RAMADHINI','Perempuan','','0000-00-00','','',1,'','','','','',NULL,NULL),('161710300','PUTRI SALSABILA','Perempuan','','0000-00-00','','',1,'','','','','',NULL,NULL),('161710301','RAHAYU CAHYANINGTYAS','Perempuan','','0000-00-00','','',1,'','','','','',NULL,NULL),('161710302','RAKHA FARIS ASFARI SUTISNA','Laki-laki','','0000-00-00','','',1,'','','','','',NULL,NULL),('161710303','RATNA FEBRIANY','Perempuan','','0000-00-00','','',1,'','','','','',NULL,NULL),('161710304','REKA NURUL AULIA','Perempuan','','0000-00-00','','',1,'','','','','',NULL,NULL),('161710305','RIA REINATA JULIANE MAURID','Perempuan','','0000-00-00','','',1,'','','','','',NULL,NULL),('161710306','TAUFIK HIDAYAT','Laki-laki','','0000-00-00','','',1,'','','','','',NULL,NULL),('161710307','WENDI SAPUTRA','Laki-laki','','0000-00-00','','',1,'','','','','',NULL,NULL),('161710308','YONA SALSABILA','Perempuan','','0000-00-00','','',1,'','','','','',NULL,NULL),('161710309','ZAIDAN RIZQULLAH','Laki-laki','','0000-00-00','','',1,'','','','','',NULL,NULL),('161710310','ZALZA FITRIANI RIZKIA','Perempuan','','0000-00-00','','',1,'','','','','',NULL,NULL),('161710311','ZIDAN SALMAN PUTRA PRAWIRA','Laki-laki','','0000-00-00','','',1,'','','','','',NULL,NULL),('161710314','ALDI RIZKIA MAULANA','Laki-laki','','0000-00-00','','',1,'','','','','',NULL,NULL),('161710315','ALYANISA LINTANG SEKAR L','Perempuan','','0000-00-00','','',1,'','','','','',NULL,NULL),('161710316','AMARA SEPTIANTI PERMADI','Perempuan','','0000-00-00','','',1,'','','','','',NULL,NULL),('161710317','ANDINI AJENG PERMATASARI','Perempuan','','0000-00-00','','',1,'','','','','',NULL,NULL),('161710318','ANGGIETA NURSIFA','Perempuan','','0000-00-00','','',1,'','','','','',NULL,NULL),('161710319','ASYA NOVIANTI PRATIWI SETIAWAN','Perempuan','','0000-00-00','','',1,'','','','','',NULL,NULL),('161710320','AZKA BUDI ROBBANI','Laki-laki','','0000-00-00','','',1,'','','','','',NULL,NULL),('161710321','CISKA JIANILLUNA NATAMANGGALA','Perempuan','','0000-00-00','','',1,'','','','','',NULL,NULL),('161710322','DHEA ADISTIN','Perempuan','','0000-00-00','','',1,'','','','','',NULL,NULL),('161710323','DYANDRA PRAMASTYA FILZAHIRA','Perempuan','','0000-00-00','','',1,'','','','','',NULL,NULL),('161710324','ENDAH JULIA','Perempuan','','0000-00-00','','',1,'','','','','',NULL,NULL),('161710325','FARHAN NAZIN','Laki-laki','','0000-00-00','','',1,'','','','','',NULL,NULL),('161710326','GUSTIAN AYU ANDANI','Perempuan','','0000-00-00','','',1,'','','','','',NULL,NULL),('161710327','IHSAN ISMAIL','Laki-laki','','0000-00-00','','',1,'','','','','',NULL,NULL),('161710328','ILHAM FATUR RAMAN','Laki-laki','','0000-00-00','','',1,'','','','','',NULL,NULL),('161710329','KARTIKA ANDIANI HARYANTO','Perempuan','','0000-00-00','','',1,'','','','','',NULL,NULL),('161710330','KRISNA WIJAYA','Laki-laki','','0000-00-00','','',1,'','','','','',NULL,NULL),('161710331','MOCHAMAD BAIHACKY SALIM','Laki-laki','','0000-00-00','','',1,'','','','','',NULL,NULL),('161710332','MOCHAMAD RESTU ZULIAN','Laki-laki','','0000-00-00','','',1,'','','','','',NULL,NULL),('161710333','MUHAMAD BAHARUDIN DUNYAN','Laki-laki','','0000-00-00','','',1,'','','','','',NULL,NULL),('161710334','MUHAMMAD ISMAIL AL FARUQI','Laki-laki','','0000-00-00','','',1,'','','','','',NULL,NULL),('161710335','MUHAMMAD SAIFUL RUUHULHAQ','Laki-laki','','0000-00-00','','',1,'','','','','',NULL,NULL),('161710336','NABIL RIZHAL AKHYAAR','Laki-laki','','0000-00-00','','',1,'','','','','',NULL,NULL),('161710337','NYSSA ADELIA NURRAHMAYANI','Perempuan','','0000-00-00','','',1,'','','','','',NULL,NULL),('161710338','QINTHARAFELLA SHALYA NUGRAHA','Perempuan','','0000-00-00','','',1,'','','','','',NULL,NULL),('161710339','REZKY AL-FATTAH DWIANTO','Laki-laki','','0000-00-00','','',1,'','','','','',NULL,NULL),('161710340','RINI ANDRIANI','Perempuan','','0000-00-00','','',1,'','','','','',NULL,NULL),('161710341','RIZAL AKBAR DARMAWAN','Laki-laki','','0000-00-00','','',1,'','','','','',NULL,NULL),('161710342','SALSABILLA KHARISMA SUTARYO PUTRI','Perempuan','','0000-00-00','','',1,'','','','','',NULL,NULL),('161710343','SISKA FADILLA','Perempuan','','0000-00-00','','',1,'','','','','',NULL,NULL),('161710344','THARISA AANANDA SUHENDA','Perempuan','','0000-00-00','','',1,'','','','','',NULL,NULL),('161710345','YUDA MUHAMAD IQBAL','Laki-laki','','0000-00-00','','',1,'','','','','',NULL,NULL),('161710346','ZALFA PUTRI TRISNADI','Perempuan','','0000-00-00','','',1,'','','','','',NULL,NULL),('161710349','ANISA MAULA NUR IHSAN','Perempuan','','0000-00-00','','',1,'','','','','',NULL,NULL),('161710350','ANNISA DHEA FADILLAH A. AZ-ZAHRA','Perempuan','','0000-00-00','','',1,'','','','','',NULL,NULL),('161710351','ASRI NUR UBAY','Perempuan','','0000-00-00','','',1,'','','','','',NULL,NULL),('161710352','AWANIS GHASSANI MARYONO','Perempuan','','0000-00-00','','',1,'','','','','',NULL,NULL),('161710353','BAGJA HIDAYAT','Laki-laki','','0000-00-00','','',1,'','','','','',NULL,NULL),('161710354','CHOFIFAH SUTIAKBRIANTI','Perempuan','','0000-00-00','','',1,'','','','','',NULL,NULL),('161710355','FEBILLA ALFIFAH','Perempuan','','0000-00-00','','',1,'','','','','',NULL,NULL),('161710356','HASAMONI','Laki-laki','','0000-00-00','','',1,'','','','','',NULL,NULL),('161710357','INDAH AYU LESTARI','Perempuan','','0000-00-00','','',1,'','','','','',NULL,NULL),('161710358','IRFAN RULI ARDIYANSH','Laki-laki','','0000-00-00','','',1,'','','','','',NULL,NULL),('161710359','ISMI SAUMI ALAWIAH','Perempuan','','0000-00-00','','',1,'','','','','',NULL,NULL),('161710360','M. HILMY Al FAUZI','Laki-laki','','0000-00-00','','',1,'','','','','',NULL,NULL),('161710361','MEGA MARIA ANGELLIA B. TOBING','Perempuan','','0000-00-00','','',1,'','','','','',NULL,NULL),('161710362','MILKHA YEREMIA NOCH BOLA','Perempuan','','0000-00-00','','',1,'','','','','',NULL,NULL),('161710363','MOCHAMAD GALIH DANISWARA','Laki-laki','','0000-00-00','','',1,'','','','','',NULL,NULL),('161710364','MOCHAMAD HADIDSYAM PRAWIRA  DIRGASURYA','Laki-laki','','0000-00-00','','',1,'','','','','',NULL,NULL),('161710365','MUHAMMAD INDRA MALIKI','Laki-laki','','0000-00-00','','',1,'','','','','',NULL,NULL),('161710366','NARDIN NAJLA','Perempuan','','0000-00-00','','',1,'','','','','',NULL,NULL),('161710367','NISA NAFILA','Perempuan','','0000-00-00','','',1,'','','','','',NULL,NULL),('161710368','PHILIP IMMANUEL','Laki-laki','','0000-00-00','','',1,'','','','','',NULL,NULL),('161710369','RATIH KUSUMA WARDHANI','Perempuan','','0000-00-00','','',1,'','','','','',NULL,NULL),('161710370','RIESDAMAYATI','Perempuan','','0000-00-00','','',1,'','','','','',NULL,NULL),('161710371','RIZKIA AULIA KHOERUNNISA','Perempuan','','0000-00-00','','',1,'','','','','',NULL,NULL),('161710372','RYU KAFA BASUNI','Laki-laki','','0000-00-00','','',1,'','','','','',NULL,NULL),('161710373','SEKAR LESTARI PUTRI','Perempuan','','0000-00-00','','',1,'','','','','',NULL,NULL),('161710374','SEPTI WAHYUNI','Perempuan','','0000-00-00','','',1,'','','','','',NULL,NULL),('161710375','SHEILLA DESTIA PUTRI RUSTANDI','Perempuan','','0000-00-00','','',1,'','','','','',NULL,NULL),('161710376','TAZKIA KAMILA SAFFANAH IRSYAD','Perempuan','','0000-00-00','','',1,'','','','','',NULL,NULL),('161710377','ZARAH SABILLA OCTAVINA','Perempuan','','0000-00-00','','',1,'','','','','',NULL,NULL),('161710379','ALDI YUDHA PRAMUDIA','Laki-laki','','0000-00-00','','',1,'','','','','',NULL,NULL),('161710380','ANGEL MARIANA PANJAITAN','Perempuan','','0000-00-00','','',1,'','','','','',NULL,NULL),('161710381','AURELIA LUMBANTORUAN','Perempuan','','0000-00-00','','',1,'','','','','',NULL,NULL),('161710382','DANIEL JUNIOR SIDABUKE','Laki-laki','','0000-00-00','','',1,'','','','','',NULL,NULL),('161710383','DHYA CAMELIA MARDI','Perempuan','','0000-00-00','','',1,'','','','','',NULL,NULL),('161710384','FACHRI WICAKSONO','Laki-laki','','0000-00-00','','',1,'','','','','',NULL,NULL),('161710385','FASYA NADHIRA HIDAYAT','Perempuan','','0000-00-00','','',1,'','','','','',NULL,NULL),('161710386','HANI NURYANTI','Perempuan','','0000-00-00','','',1,'','','','','',NULL,NULL),('161710387','HAYA FATHIN KHOERANI','Perempuan','','0000-00-00','','',1,'','','','','',NULL,NULL),('161710388','IRFAN RAHMAN KUSMAYADI','Laki-laki','','0000-00-00','','',1,'','','','','',NULL,NULL),('161710389','LUTFI LATIFATUS SADIAN','Perempuan','','0000-00-00','','',1,'','','','','',NULL,NULL),('161710390','MELANI MANALU','Perempuan','','0000-00-00','','',1,'','','','','',NULL,NULL),('161710391','MELKY PINTARO LUMBANRAJA','Laki-laki','','0000-00-00','','',1,'','','','','',NULL,NULL),('161710392','MITA PUSPITHA','Perempuan','','0000-00-00','','',1,'','','','','',NULL,NULL),('161710393','MUHAMMAD ERLANGGA HANANDA','Laki-laki','','0000-00-00','','',1,'','','','','',NULL,NULL),('161710394','NABILA ZAHRAH','Perempuan','','0000-00-00','','',1,'','','','','',NULL,NULL),('161710395','NADA CHARISMA PUTRI','Perempuan','','0000-00-00','','',1,'','','','','',NULL,NULL),('161710396','NURSYAFIA','Perempuan','','0000-00-00','','',1,'','','','','',NULL,NULL),('161710397','OSAMA RAMADHAN','Laki-laki','','0000-00-00','','',1,'','','','','',NULL,NULL),('161710398','R. SALSABILA ASSYFA','Perempuan','','0000-00-00','','',1,'','','','','',NULL,NULL),('161710399','RAMADHAN DWI SETIAJI','Laki-laki','','0000-00-00','','',1,'','','','','',NULL,NULL),('161710400','SAFFA SALSABILA','Perempuan','','0000-00-00','','',1,'','','','','',NULL,NULL),('161710401','SHITI SHOLEHAH','Perempuan','','0000-00-00','','',1,'','','','','',NULL,NULL),('161710402','SITANGGANG RIRIS TERESIA','Perempuan','','0000-00-00','','',1,'','','','','',NULL,NULL),('161710403','STENLY MARCELIO HARAHAP','Laki-laki','','0000-00-00','','',1,'','','','','',NULL,NULL),('161710404','SUCI AMALIA SIAMU','Perempuan','','0000-00-00','','',1,'','','','','',NULL,NULL),('161710405','SYIFA AZZAHRA WIRIAATMAJA','Perempuan','','0000-00-00','','',1,'','','','','',NULL,NULL),('161710406','THOMAS RAYVALDI','Laki-laki','','0000-00-00','','',1,'','','','','',NULL,NULL),('161710407','TRISHA FAUZIAH ZAHRA','Perempuan','','0000-00-00','','',1,'','','','','',NULL,NULL),('161710408','TRISTOVA RAROBONG BIMANDARU','Laki-laki','','0000-00-00','','',1,'','','','','',NULL,NULL),('161710409','WIDIA BERLIANA HANIFAH','Perempuan','','0000-00-00','','',1,'','','','','',NULL,NULL),('161710410','WIRANTI DWIHANDHINI','Perempuan','','0000-00-00','','',1,'','','','','',NULL,NULL),('161710411','YESIE STEFINA AMARSYA','Perempuan','','0000-00-00','','',1,'','','','','',NULL,NULL),('161710412','ZALFA DHIYA KHAIRUNNISA ZAEN','Perempuan','','0000-00-00','','',1,'','','','','',NULL,NULL);

/*!40101 SET SQL_MODE=@OLD_SQL_MODE */;
/*!40014 SET FOREIGN_KEY_CHECKS=@OLD_FOREIGN_KEY_CHECKS */;
/*!40014 SET UNIQUE_CHECKS=@OLD_UNIQUE_CHECKS */;
/*!40111 SET SQL_NOTES=@OLD_SQL_NOTES */;
